,,,given,given,given,given,given,given,given,given,given,given,given,given
date,,,1,2,3,4,5,6,7,8,9,10,11,12
street,year,def,,,,,,,,,,,,
1.0,2016,5.0,0.0,21330.22,24348.71,21696.45,25386.78,22238.08,8115.533333333334,18901.52,27978.35,24070.43,26939.06,32267.665
1.0,2016,6.0,0.0,54133.09,47974.53,40132.41,26865.63,5259.58,-3482.25,0.0,0.0,0.0,0.0,50795.095
1.0,2016,7.0,538.23,708.1999999999999,736.5266666666666,358.96000000000004,882.8175000000001,963.1466666666666,-15.0725,1335.1466666666668,1243.9233333333334,733.5966666666667,861.1733333333333,813.2516666666667
1.0,2017,5.0,8141.06,30356.6,5968.23,13546.67,26469.28,26992.81,24477.85,34989.73,29371.93,28638.72,32199.54,15747.605
1.0,2017,6.0,51325.47,52161.4,53143.92,39668.11,31544.63,4511.85,0.0,0.0,0.0,0.0,5158.26,23606.515
1.0,2017,7.0,0.0,771.98,863.2866666666667,863.2866666666667,863.2866666666667,1177.64,714.0899999999999,914.36,945.8866666666667,788.2399999999999,945.8866666666667,501.246
1.0,2018,8.0,8610.0225,17514.788,14329.437142857143,12532.018333333333,12615.851666666667,7980.33,3192.0049999999997,1774.0349999999999,4006.565,9957.939999999999,19477.030000000002,16887.553333333333
1.0,2019,8.0,8761.938,16780.72,18447.4625,20271.915,14063.015,6786.78,8082.010000000001,7681.383333333334,7750.100000000001,12632.793333333333,7736.383333333332,2937.876470588235
1.0,2020,1.0,5904.26,37255.74,10795.725,25069.75,20635.61,26937.72,29601.165,24757.22,32021.12,32535.13,36002.28,119425.94333333336
1.0,2020,2.0,0.0,48785.095,22716.415,46326.99,38406.86,13183.72,0.0,0.0,0.0,0.0,0.0,157730.945
1.0,2020,3.0,647.355,0.0,791.21,647.35,119.88000000000001,119.88000000000001,576.62,593.905,458.1566666666667,617.52,706.1233333333333,3589.5699999999997
1.0,2021,5.0,38301.39,32128.29,32681.61,40016.64,39335.43,35694.6,30846.28,39136.63,43669.0,39943.23,47820.82,41592.21
1.0,2021,9.0,51531.479999999996,63387.84,56283.86,42067.08,29811.53,6239.39,0.0,0.0,0.0,0.0,0.0,34586.31
1.0,2021,10.0,713.662,438.24333333333334,756.96,737.0433333333334,1016.64,279.88333333333327,1245.385,867.625,1064.1599999999999,1383.405,583.59,691.7049999999999
2.0,2018,8.0,0.0,63.93,778.13,807.18,771.14,234.68,145.19,165.67,158.91,188.75,174.78,158.04
2.0,2019,8.0,149.18,167.16,154.16,157.9,147.18,165.06,136.88,191.88,145.04,172.52,245.5,223.54
2.0,2020,1.0,215.77,177.52,166.68,176.86,195.62,179.72,195.17,200.93,193.72,224.0,171.22,1225.525
3.0,2020,1.0,0.0,0.0,15818.5,14899.79,11006.82,11612.71,14438.75,18499.34,36315.88,35009.11,39050.43,140156.965
3.0,2020,2.0,0.0,37381.175,44331.05,50262.96,51920.52,26283.49,0.0,0.0,0.0,0.0,0.0,154309.125
3.0,2020,3.0,0.0,0.0,119.88000000000001,191.81,119.88000000000001,95.905,250.935,352.86,358.5566666666667,856.5566666666667,785.8033333333333,2609.218
3.0,2021,5.0,47032.75,47543.88,34939.68,50984.03,34863.2,23481.78,37691.51,50198.81,74018.45,64296.21,57844.47,48281.78
3.0,2021,9.0,66661.68,90216.55,76691.89,52192.66,43464.15,19810.69,0.0,0.0,0.0,0.0,0.0,41622.71
3.0,2021,10.0,1489.032,577.68,776.88,936.2433333333333,889.56,584.1966666666667,1397.8799999999999,1418.56,1809.075,1755.865,1725.88,1676.0549999999998
4.0,2016,6.0,0.0,19523.24,17050.45,14762.14,10057.96,3399.1,2769.13,2893.74,2342.06,3031.14,6921.59,17792.88
4.0,2016,7.0,35.895,17.945,35.895,17.945,35.895,17.945,0.0,56.67,19.615,39.22,19.615,39.224999999999994
4.0,2017,6.0,20104.32,18041.65,17458.8,15426.42,10682.83,2157.48,2893.73,2888.63,578.15,1010.16,5893.31,14363.61
4.0,2017,7.0,0.0,39.22,39.22,19.615,19.615,0.0,19.615,41.815,20.91,20.91,62.73,20.91
4.0,2018,8.0,797.37,5954.5,3980.0520000000006,4400.5825,3204.7525,1315.9075000000003,1432.0125,917.48,1069.7199999999998,667.135,2132.29,6430.884
4.0,2019,8.0,2124.925,6151.5325,5547.5625,4716.955,3644.715,1113.2399999999998,924.0550000000001,1299.1599999999999,909.9225,665.4175,1852.0075000000002,2900.17
4.0,2020,1.0,1798.09,1377.24,1821.17,1451.45,923.12,818.05,2335.88,2645.53,1776.85,2180.72,1481.71,8488.99
4.0,2020,2.0,0.0,22605.665,20065.94,17346.64,12540.05,4305.18,2507.08,3753.35,2284.54,3588.26,6807.5,49878.55666666667
4.0,2020,3.0,23.975,0.0,47.95,23.975,0.0,47.95,23.975,23.7575,47.725,23.862499999999997,71.585,205.49500000000003
4.0,2021,5.0,1640.89,1791.01,1310.89,1895.68,1454.78,27195.135,-25181.53,2307.52,2833.97,3107.35,2565.78,2405.83
4.0,2021,9.0,23568.095,24151.56,20684.68,18261.76,13054.17,3714.5,2609.86,3728.2,2035.63,3728.2,6704.7,16645.71
4.0,2021,10.0,53.03000000000001,47.724999999999994,23.8625,0.0,86.51666666666667,10.157999999999998,86.51666666666667,30.5,61.279999999999994,91.92,91.92,122.55999999999999
5.0,2018,8.0,349.71,314.33,140.55,782.87,1303.07,835.47,185.04,191.36,215.43,244.11,255.45,223.38
5.0,2019,8.0,308.93,305.52,198.96,264.81,1407.59,243.5,214.16,240.8,249.06,228.52,1934.85,235.56
5.0,2020,1.0,283.46,272.48,1058.88,329.17,289.52,264.31,306.1,324.11,354.27,318.43,336.63,2328.62
6.0,2016,5.0,0.0,16294.01,14798.29,0.0,13558.73,14064.435000000001,0.0,15326.01,13529.4,13222.01,13688.28,16886.85
6.0,2016,6.0,0.0,10379.95,8305.07,0.0,6110.32,2221.94,0.0,0.0,20.51,51.27,399.91,4367.72
6.0,2016,7.0,0.0,308.7,134.6125,0.0,183.07,215.3775,0.0,448.695,200.04,160.815,241.21999999999997,163.76000000000002
6.0,2017,5.0,0.0,18255.05,16968.49,19390.76,17065.5,0.0,16551.32,16065.42,16630.34,17675.93,19681.145,0.0
6.0,2017,6.0,0.0,7874.47,10537.57,9952.81,4813.175,0.0,195.18,153.81,522.49,118.21,426.69,0.0
6.0,2017,7.0,0.0,166.695,192.19,156.895,187.29250000000002,0.0,170.62,158.855,131.73,200.73,251.96499999999997,0.0
6.0,2018,8.0,7405.74,7602.305,8277.619999999999,7948.32,6853.0275,5235.8825,4834.595,4205.1325,3833.4125,5424.21,4293.7675,4364.7075
6.0,2019,8.0,5417.8625,0.0,7261.293749999999,6307.8724999999995,5966.375,5214.5175,3957.4525,3918.46,4112.575,4306.715,4373.697499999999,5341.68
6.0,2020,1.0,0.0,16606.07,16803.06,16141.8,15957.47,12240.29,14191.72,10526.29,12744.1,12781.64,12450.06,87131.01000000001
6.0,2020,2.0,0.0,5704.65,6780.79,7279.18,6090.54,4376.54,266.88,116.6,121.39,0.0,0.0,15634.415
6.0,2020,3.0,0.0,311.69,263.74,239.76000000000002,239.76000000000002,263.735,143.85500000000002,119.88000000000001,152.495,355.825,177.91,1235.99
6.0,2021,5.0,15083.945,0.0,13612.06,12520.01,0.0,13320.78,12972.665,11452.73,11846.62,11751.87,12919.31,12792.18
6.0,2021,9.0,5372.51,0.0,11119.38,11709.5,0.0,6139.44,1869.185,0.0,0.0,0.0,0.0,811.95
6.0,2021,10.0,143.95,0.0,101.66,152.49,0.0,228.735,231.27749999999997,249.065,319.26,212.84,292.65500000000003,186.235
7.0,2018,8.0,17313.545,0.0,20135.4125,20543.6825,16345.144999999997,10963.123333333331,12250.223333333335,13297.359999999999,0.0,13267.824999999999,12440.563333333334,14879.007500000002
7.0,2019,8.0,0.0,18364.7125,0.0,17889.25625,17131.8925,8813.7075,13146.196666666665,10915.35,20096.18333333333,16421.31666666667,13596.36,12460.36
7.0,2020,1.0,42173.33,31780.64,0.0,34330.455,24111.4,20816.83,25249.57,31277.49,37093.41,35214.4,0.0,139298.93333333332
7.0,2020,2.0,23827.72,44073.24,0.0,32378.6,29854.03,13911.36,0.0,0.0,0.0,0.0,0.0,114798.395
7.0,2020,3.0,1366.6299999999999,1846.15,0.0,1354.645,527.47,455.545,599.4,700.13,737.06,1574.885,0.0,6018.983333333334
7.0,2021,5.0,0.0,28308.64,26392.205,29199.75,25243.65,22737.87,0.0,30984.020000000004,0.0,41906.33,29394.92,30334.15
7.0,2021,9.0,0.0,36521.09,44490.285,32267.62,32957.11,14714.77,0.0,0.0,0.0,0.0,0.0,20737.14
7.0,2021,10.0,0.0,1145.375,1765.7775,813.3149999999999,914.9749999999999,-932.1833333333334,0.0,905.54,0.0,1050.8575,984.345,851.325
8.0,2016,6.0,0.0,53417.09,45942.994999999995,38262.445,22896.825,7798.205,1026.795,1523.775,1224.76,536.705,595.46,47725.4625
8.0,2016,7.0,787.0700000000002,1046.9533333333334,1052.9366666666667,1256.345,975.1633333333333,1088.8333333333333,0.0,2048.851666666667,1676.79,1117.8616666666665,1170.1599999999999,1117.8625000000004
8.0,2017,6.0,43446.535,49981.115,50311.0,29396.33,17102.16,2332.0099999999998,0.0,859.71,558.81,983.8299999999999,5717.935,11140.29
8.0,2017,7.0,0.0,1300.9033333333334,1327.0516666666665,1307.4399999999998,1385.8883333333335,0.0,1235.5300000000004,1331.245,1150.0283333333334,1369.5774999999999,1359.125,336.51214285714286
8.0,2018,8.0,19672.58,26043.27090909091,24030.223636363637,20354.303636363635,18660.13818181818,12277.749090909092,12140.566666666668,13590.804,13129.207272727275,12369.864545454544,13445.57909090909,11716.683181818182
8.0,2019,8.0,15970.333636363637,17644.768,16324.708,19830.904545454545,19019.784545454546,12941.997272727273,14526.359090909089,12217.345454545453,22221.19090909091,14637.458181818183,16875.199999999997,13671.694705882352
8.0,2020,1.0,66179.1075,75359.86333333333,77232.17,60041.869999999995,51130.94999999999,43213.619999999995,89927.49,82796.19000000002,93249.92333333334,72351.32666666668,71475.67666666667,395274.8433333333
8.0,2020,2.0,0.0,37047.01833333333,37449.89000000001,30950.149999999998,18571.02,6188.009999999999,699.65,461.28,922.5533333333334,1080.365,1141.055,99913.87
8.0,2020,3.0,607.3933333333334,0.0,951.0483333333333,711.2883333333333,503.495,335.665,261.2175,1031.8899999999999,728.5933333333334,745.535,686.6833333333334,4571.585999999999
8.0,2021,5.0,71938.17666666668,79119.45,76325.33333333333,75826.53333333334,72747.21333333333,61890.53,56659.25666666666,67618.40000000001,71131.61,62309.87333333333,59964.74,60430.45333333334
8.0,2021,9.0,32603.513333333336,47764.14333333334,45676.253333333334,26501.64666666667,14100.546666666667,3321.203333333333,582.6650000000001,235.42999999999998,0.0,0.0,528.4549999999999,13145.38
8.0,2021,10.0,1329.8255555555556,3515.8800000000006,432.07166666666666,745.5333333333334,1059.0,548.1566666666666,1101.36,754.3683333333333,940.0066666666667,789.2516666666667,956.0533333333334,842.4583333333334
9.0,2016,5.0,0.0,32149.6,36805.9,27244.49,24548.76,16395.39,18571.6,21284.13,25783.55,19323.32,22620.11,30063.1
9.0,2016,6.0,0.0,91810.82,78358.28,66745.21,45661.37,14949.95,7294.52,9417.46,10313.88,6278.85,25020.25,43084.042499999996
9.0,2016,7.0,695.655,717.9150000000001,717.9150000000001,699.965,574.3299999999999,646.12,0.0,1053.635,706.015,1255.145,902.13,706.0149999999999
9.0,2017,5.0,10636.12,17731.18,39229.92,20431.83,12601.28,13883.44,15675.91,19430.72,23059.84,18254.51,15873.65,6347.715
9.0,2017,6.0,65197.715,54544.655,53669.865,43574.815,29142.335,2956.83,5702.665,4275.815,3636.215,5542.165,6395.495,30203.456666666665
9.0,2017,7.0,0.0,823.69,764.855,960.965,843.2950000000001,0.0,941.355,1024.57,543.65,1087.3,1735.495,961.8399999999999
9.0,2018,8.0,11437.3625,29758.221666666668,19676.051249999997,22065.806666666667,17430.578333333335,8159.688333333334,9508.275,8109.4457142857145,9153.848333333333,8876.858333333334,12081.718333333332,24439.977777777778
9.0,2019,8.0,15606.63,29812.13666666667,29790.16333333333,23695.786666666667,20052.158333333336,8079.339999999999,10749.086666666666,8749.155,10805.19,6646.856250000001,8726.125,9951.370714285715
9.0,2020,1.0,29601.989999999998,10838.720000000001,25131.755,15448.415,14612.05,14356.855,9041.56,14812.564999999999,30405.145,22486.16,23479.925,120656.40500000001
9.0,2020,2.0,0.0,67061.95749999999,58546.645,49450.045,34006.45,8534.555,1455.2649999999999,5757.4800000000005,6363.215,3940.2850000000003,15548.715,204166.87500000003
9.0,2020,3.0,743.255,0.0,803.1949999999999,779.22,71.93,95.905,64.93,947.3825,878.9759999999999,944.098,758.7660000000001,3335.364444444444
9.0,2021,5.0,13249.096666666666,26360.050000000003,34844.98333333333,27143.16,18743.07,14344.179999999998,8492.036666666667,9831.310000000001,9410.82,8292.18,11494.98,8124.92
9.0,2021,9.0,68019.98000000001,63232.753333333334,54227.176666666666,44241.03666666666,30266.696666666667,6552.433333333333,2061.7766666666666,3534.066666666667,1099.1866666666667,7967.775,15266.255,53273.68
9.0,2021,10.0,50.83,965.8050000000001,1448.71,1016.64,3837.8149999999996,1499.545,1016.64,0.0,0.0,79.81,79.805,26.605
10.0,2016,7.0,622.435,287.16499999999996,89.735,125.635,107.69,89.74000000000001,0.0,159.94,117.67,98.05499999999999,98.05499999999999,98.055
10.0,2017,5.0,0.0,0.0,0.0,7994.83,8462.33,7770.67,14771.84,17882.54,16036.16,18000.0,24461.86,11145.56
10.0,2017,7.0,0.0,98.05499999999999,19.615,19.615,19.615,0.0,0.0,0.0,0.0,0.0,0.0,0.0
10.0,2018,8.0,0.0,27090.980000000003,34047.26,16066.04,16130.974999999999,7695.76,6600.285000000001,7089.405000000001,6444.865,10689.65,11080.74,19590.23
10.0,2019,8.0,12206.57,26747.155,22433.239999999998,18135.745,19793.145,4975.685,3809.7000000000003,4045.875,2886.2200000000003,4883.25,3981.005,6959.373333333333
10.0,2020,1.0,6883.6,7536.95,29343.78,22973.37,19871.33,11888.77,30101.93,9087.62,27005.4,8407.82,11782.45,104208.54
10.0,2020,2.0,0.0,32194.36,34621.89,30776.41,22688.36,19859.33,61.55,209.53,229.44,140.49,250.81,104963.545
10.0,2021,10.0,212.67399999999998,139.44333333333333,239.04333333333332,338.64,406.65999999999997,10.553333333333333,355.825,260.62,239.435,266.03999999999996,317.555,239.435
12.0,2016,7.0,143.57999999999998,143.57999999999998,71.795,89.74000000000001,161.53,143.57999999999998,0.0,302.205,78.45,78.45,58.835,117.66749999999999
12.0,2017,7.0,0.0,78.45,119.30000000000001,156.89,156.89,0.0,274.5625,62.73,104.54499999999999,83.64,62.73,125.46
12.0,2018,8.0,0.0,104.54499999999999,41.82,0.0,0.0,0.0,0.0,44.63,0.0,0.0,22.310000000000002,-35.695
12.0,2019,8.0,0.0,22.689999999999998,0.0,0.0,86.67,776.36,95.22,63.96,208.1,191.69,116.28,118.34
12.0,2020,1.0,163.46,140.78,141.98,140.27,134.5,136.34,121.98,147.35,133.6,13.18,13.18,922.3
13.0,2016,5.0,113189.21,106315.36,96290.57,86322.19,118201.85,90121.7,85204.54,30289.600000000006,110658.16,89509.12,104468.63,111340.86
13.0,2016,6.0,0.0,210597.13,150626.10499999998,144855.745,113253.85,0.0,0.0,-21082.89,0.0,0.0,54562.685,149159.29499999998
13.0,2017,5.0,119575.42,123394.25,106075.6,112428.16,96399.4,110302.21,102580.4,133328.87,113657.98,122674.91,141649.7,81040.65500000001
13.0,2017,6.0,0.0,225792.14,169098.08000000002,149059.02,107357.705,0.0,0.0,0.0,0.0,0.0,75708.86499999999,143332.05000000002
13.0,2018,8.0,82219.90000000001,71667.34,53114.58857142857,61923.065714285716,50364.59428571429,29197.266666666666,22950.008,27253.023999999998,25498.044,23099.446,29090.30571428571,50845.985714285714
13.0,2019,8.0,32845.464,92072.74571428572,69581.56,57882.36571428571,47748.29,22728.329999999998,20851.408,28799.22,29030.614,27843.712,38183.701428571425,59494.25
13.0,2020,1.0,196939.62,178245.85,155077.32,141485.94,145988.86,117749.23,137347.86,144934.68,144018.3,127812.79,134868.17,970917.58
13.0,2020,2.0,197961.735,203332.125,171613.345,137313.79,133754.165,0.0,0.0,0.0,0.0,0.0,52626.674999999996,591512.9824999999
13.0,2020,3.0,791.64,668.495,686.09,650.905,703.68,914.7850000000001,774.0500000000001,1500.4799999999998,786.87,1011.69,1011.69,5239.5325
14.0,2016,5.0,0.0,9993.64,12511.15,11209.74,12192.9,14037.41,12572.14,11381.56,17255.34,11604.5,11393.13,17350.05
14.0,2016,6.0,0.0,71213.59,51714.8,43553.93,30832.35,1674.48,0.0,0.0,0.0,0.0,6155.16,43264.96
14.0,2017,5.0,17523.38,7263.59,17716.51,11127.62,16458.58,13108.9,15410.06,17121.47,16906.62,15759.1,15800.38,16569.03
14.0,2017,6.0,61790.05,72380.39,47269.02,37444.62,16864.76,1467.7,0.0,0.0,0.0,0.0,388.61,35321.17
14.0,2017,7.0,0.0,303.555,43.365,43.365,86.72999999999999,21.685,21.685,89.135,44.925,22.46,0.0,22.46
14.0,2018,8.0,23161.095,24885.955,17233.926,17516.295000000002,6456.666,4954.263333333333,4299.786666666667,12619.04,5166.89,4179.19,3598.5075,5743.965
14.0,2019,8.0,20468.1875,21230.245000000003,22439.326666666664,13291.377499999999,25125.39,4721.155,5290.59,4156.26,7734.84,4904.22,4161.3875,11714.248333333335
14.0,2020,1.0,14947.02,14127.46,13606.31,15313.4,10869.68,14978.94,18205.31,14225.57,17461.21,13697.05,12762.43,85833.47
14.0,2020,2.0,75831.24,75163.72,76157.34,43535.97,32799.73,7607.58,0.0,0.0,0.0,0.0,3826.04,197379.95
14.0,2020,3.0,24.064999999999998,0.0,48.129999999999995,24.064999999999998,0.0,0.0,48.129999999999995,48.935,97.97,0.0,48.985,317.09
14.0,2021,5.0,12600.14,10167.64,-3163.8599999999997,-2316.16,24542.855,11265.3,11331.19,22833.13,36876.7,14684.16,27236.4,31174.92
14.0,2021,9.0,67806.49,115735.31,-37384.346666666665,-29831.163333333334,34450.33,2623.12,0.0,0.0,0.0,-17225.18,2433.61,13010.44
14.0,2021,10.0,136.16,97.97,-73.47666666666667,-16.32833333333333,177.45000000000002,0.0,24.490000000000002,100.225,75.655,-17.279999999999994,50.435,277.395
15.0,2020,1.0,0.0,0.0,0.0,0.0,0.0,0.0,0.0,0.0,0.0,124.31,1065.01,1514.04
15.0,2020,2.0,0.0,0.0,0.0,0.0,0.0,0.0,0.0,0.0,0.0,0.0,0.0,46103.35
15.0,2021,5.0,701.24,648.28,379.06,407.77,283.97,153.9,332.6,0.0,266.09000000000003,344.06,608.36,623.51
15.0,2021,9.0,82297.14,91252.85,81396.26,54476.15,31429.76,4610.34,0.0,0.0,0.0,0.0,0.0,44350.02
16.0,2016,6.0,0.0,22308.06,21913.6,20647.76,16500.94,8644.94,6725.59,8683.25,9509.74,5789.52,8268.99,22047.36
16.0,2017,6.0,20931.79,24944.75,40059.06,10853.05,11414.97,5600.84,7854.72,6931.41,6065.26,9100.03,7582.64,20660.99
16.0,2018,8.0,0.0,27633.24,29056.05,24022.45,22999.4,9654.55,8665.88,9932.39,902.54,2709.85,7901.12,20135.76
16.0,2019,8.0,4958.35,24458.12,26428.16,20975.81,24316.91,9806.93,8265.06,10343.15,10343.15,2350.82,4113.94,21831.39
16.0,2020,2.0,0.0,28045.44,24865.53,23948.99,2184.6524999999992,5401.29,0.0,0.0,0.0,6365.64,116.53,74453.25
16.0,2021,5.0,226.79,161.12,115.67,126.38,341.56,63.29,121.25,125.06,127.08,4113.48,0.0,0.0
16.0,2021,9.0,133.53,18159.79,17589.26,11595.08,7737.34,5423.66,46.13,78.2,15.14,105.94,0.0,0.0
16.0,2021,10.0,0.0,0.0,25.415,0.0,0.0,0.0,0.0,0.0,26.605,0.0,0.0,0.0
17.0,2020,2.0,0.0,0.0,0.0,0.0,0.0,0.0,0.0,0.0,0.0,0.0,0.0,52336.84
18.0,2016,5.0,283045.24,242994.05,258292.9,85664.0,271343.54,180449.71,120603.22,0.0,216868.29,145792.74,158766.14,328166.44
18.0,2016,6.0,108243.49,93358.73,114015.4,37637.67,86634.1,51891.6,17110.64,0.0,0.0,69089.35,99533.98,153801.99
18.0,2016,7.0,2217.03,668.5933333333334,1145.9033333333332,300.9642857142857,958.9666666666667,519.0500000000001,593.82,784.0533333333334,784.0533333333334,828.0,828.0,1216.5633333333333
18.0,2017,5.0,82425.36,126598.18,333616.29,254751.64,263046.53,188341.97,168097.9,48611.28,-113582.07285714286,47256.64,33773.96,86248.56
18.0,2017,6.0,129817.39499999999,172868.74,147451.43,126389.79,111558.43,68743.51,39501.82,0.0,0.0,8310.37,13499.625000000002,59572.68
18.0,2017,7.0,655.6866666666666,567.8000000000001,740.1133333333333,1379.02,828.0,567.8000000000001,611.7433333333333,863.1,439.77,669.5366666666667,272.3966666666667,479.1466666666667
18.0,2018,8.0,544.7933333333334,41285.894,33665.256,33798.498,29762.609999999993,24822.548,15858.641999999998,10301.019999999999,12733.38,12133.923999999999,18915.129999999997,47283.71666666667
18.0,2019,8.0,27855.0775,52859.352,41733.456000000006,34623.590000000004,39201.074,29254.412,18153.216,3820.353333333334,3060.6200000000003,3439.254,15978.184999999998,61419.815
18.0,2020,1.0,17538.9,14498.15,39723.3,11553.9,7831.8,5882.4,6013.5,4699.8,6741.0,6570.9,5588.1,36848.4875
19.0,2016,5.0,1128156.1,871508.24,243624.645,700764.25,1035606.25,864357.8,669409.83,779289.41,765481.45,988659.42,883367.48,1122047.78
19.0,2016,6.0,227253.24,228757.09,51507.725,109033.015,175327.46,87172.42,23796.82,0.0,0.0,145626.96,64874.02,146288.59
19.0,2016,7.0,6987.57,2364.7333333333336,3134.2566666666667,2656.9500000000003,2254.42,2142.2599999999998,2179.6466666666665,2747.6533333333336,2578.8033333333333,3623.0533333333337,3051.796666666667,4096.043333333334
19.0,2017,5.0,402955.84,1205730.03,1518457.37,1262479.19,1366405.52,1139902.0,1081218.23,327218.72,-627580.4828571427,293697.28,118621.36,448645.44
19.0,2017,6.0,168618.315,246318.76,209177.72,199874.93,168828.83,103453.57,55836.86,0.0,0.0,26063.9,39898.805,138309.02
19.0,2017,7.0,3440.3566666666666,3605.75,2953.5200000000004,3311.9900000000002,3355.933333333333,3308.5266666666666,3484.3033333333333,3615.7566666666667,1081.28,2219.476666666667,1166.462857142857,3265.1766666666663
19.0,2018,8.0,3622.876666666667,150161.79200000002,139957.118,143665.26400000002,129035.63200000001,125715.522,82968.37000000001,95933.3275,93807.55249999999,82252.568,36538.471538461534,144969.41900000002
19.0,2019,8.0,75987.62000000001,212358.614,175825.414,146421.21000000002,164952.128,110426.326,86317.92000000001,96383.94750000001,3063.193333333333,32084.47555555556,153802.41,149809.98200000002
19.0,2020,1.0,495158.27,561786.3,436882.2,377568.0,321126.6,292558.2,328827.3,355672.8,359534.7,199685.495,405462.71,2521430.2399999998
19.0,2020,2.0,530189.63,310665.64,342161.96,278898.64,223524.25,153500.86,66768.77,3248.0,0.0,213007.87,329253.81,1644297.665
19.0,2020,3.0,2529.83,1951.1433333333332,2424.4733333333334,3339.4933333333333,2766.226666666667,1540.89,2235.0633333333335,2876.9199999999996,3511.1366666666668,1981.366,3263.7033333333334,18737.953333333327
19.0,2021,5.0,244040.40000000002,211944.6,208577.25,194931.45,205216.2,164911.94999999998,181399.05000000002,188918.55,179420.69999999998,179141.25,122009.12666666666,178823.85
19.0,2021,9.0,463250.945,719121.07,119826.0,707337.18,93492.14,124387.72,74486.08,0.0,0.0,29329.28,35473.46666666667,259593.22
19.0,2021,10.0,4378.835,3910.023333333333,5413.786666666667,3163.9966666666664,4675.64,3995.27,6636.32,5258.59,5923.793333333334,3651.103333333334,1891.8771428571429,4900.48
20.0,2016,5.0,9398.65,12118.45,11581.06,9661.85,14849.21,11756.54,11866.21,12303.23,12543.48,13959.68,9470.83,8396.045
20.0,2017,5.0,1878.56,11380.18,7662.65,6499.35,5803.89,4627.94,3881.91,1538.72,-3318.8685714285716,1581.2,1996.56,1859.68
20.0,2018,8.0,0.0,45682.98,38540.155,38077.265,35367.56,28902.045000000002,17873.01,1412.6,2233.88,8010.515,18645.0,26964.043333333335
20.0,2019,8.0,104019.64,61197.145000000004,48746.805,37394.405000000006,42874.095,31797.484999999997,24136.065000000002,1476.3,1687.2,9048.56,29359.83,42239.035
20.0,2020,1.0,3078.0,3357.3,2228.7,2217.3,1339.5,723.9,1083.0,900.9,1247.4,2501.1,3137.4,13729.650000000001
20.0,2020,2.0,91175.99,118637.71,121918.72,106358.69,93247.88,71119.25,36863.45,0.0,0.0,27442.93,50634.43,432611.255
20.0,2021,5.0,2573.55,2406.6,2898.0,2192.4,2627.1,1833.3,1260.0,1055.7,1283.4,1587.0,2911.8,3015.3
20.0,2021,9.0,100184.535,125272.34,128302.49,111626.8,102470.34,60180.37,27033.63,0.0,0.0,14947.78,63232.2,95160.47
21.0,2020,1.0,359086.12,291902.01,289251.35,0.0,267020.29,0.0,266206.87,305938.02,300187.96,283772.6,297367.36,1908468.01
21.0,2020,2.0,458762.11,427482.4,349811.13,257698.61,199986.36,7577.04,6124.99,7837.52,2520.19,8696.05,175588.29,1218155.215
21.0,2020,3.0,2284.965,2261.655,2401.545,2506.935,0.0,1465.27,1518.245,2102.81,3308.08,2513.395,2227.85,14166.257499999998
22.0,2020,1.0,273.78,182.92,124.68,0.0,99.07499999999999,0.0,60.910000000000004,215.16,175.1,107.67,101.76,1463.3899999999999
22.0,2020,2.0,30551.05,28647.55,25001.6,17509.03,10919.39,831.62,0.0,0.0,0.0,0.0,10338.33,75026.455
22.0,2020,3.0,0.0,0.0,0.0,0.0,0.0,0.0,0.0,0.0,0.0,39.235,0.0,39.235
22.0,2021,9.0,17093.225,22598.67,16450.5,13387.49,10321.72,0.0,0.0,0.0,0.0,0.0,8466.52,17205.02
22.0,2021,10.0,0.0,0.0,0.0,0.0,0.0,0.0,0.0,65.36,0.0,0.0,0.0,0.0
23.0,2016,5.0,207436.195,243853.875,200374.355,91813.585,188984.71500000003,91504.7475,174788.795,216255.715,131055.14666666668,202006.875,187982.02,220589.11500000002
23.0,2016,6.0,0.0,57722.71833333332,47442.53166666667,24238.777,17269.653333333332,-8034.214,2527.6549999999997,1988.8625000000002,3977.73,0.0,23495.98166666667,41371.60687499999
23.0,2016,7.0,0.0,288.8944444444445,649.39,284.0505882352941,635.8888888888889,48.12999999999999,556.73,379.326,478.13727272727266,422.7333333333333,483.561111111111,409.22349999999994
23.0,2017,5.0,224107.81,239294.36,216283.155,210210.86500000002,202632.80500000002,144765.34666666668,410027.52,145743.69333333333,419033.11,376452.6,142954.00666666668,522697.34
23.0,2017,6.0,0.0,44507.213333333326,27918.181999999993,26550.668333333335,1477.5575,1354.695,4871.6075,4875.72,2844.8550000000005,20611.214,44144.76499999999,92916.55600000001
23.0,2017,7.0,0.0,477.06722222222237,513.7422222222222,489.04555555555567,372.95000000000005,352.3369230769231,578.3188888888889,356.5761538461538,491.75444444444446,699.61,456.21666666666664,578.8400000000001
23.0,2018,8.0,49364.904615384614,66963.98153846154,44698.23692307692,23051.20695652174,29643.199999999997,40155.156363636364,32249.847272727275,37366.16090909092,44383.72111111111,43584.95153846154,42742.55066666667,118160.63866666665
23.0,2019,8.0,15779.309999999998,49303.90846153846,34857.71444444445,43248.563076923085,35404.89769230769,24752.69,29345.587692307694,31619.63230769231,30754.386923076927,41581.64666666666,52278.88230769231,60983.435
23.0,2020,1.0,86592.416,79051.672,76018.74799999999,68499.684,77580.308,63793.007999999994,67900.52200000001,114719.5625,56603.07833333334,51229.07714285714,73469.70999999999,488865.445
23.0,2020,2.0,76092.812,64735.676,38235.691999999995,23849.985999999997,7571.424000000001,3407.1400000000003,3564.8,7436.2880000000005,-2965.353333333334,26793.028,40896.168000000005,216361.991
23.0,2020,3.0,530.1528571428572,658.9100000000001,549.7014285714286,534.1228571428571,276.76142857142855,518.2442857142856,479.8571428571428,446.92428571428576,122.29923076923076,426.63142857142856,530.6883333333333,3184.5460000000003
23.0,2021,5.0,82409.69,66821.09666666666,65472.03,69982.718,74542.19599999998,77998.482,65969.26200000002,72644.222,82764.122,51985.37285714286,64679.130000000005,79664.34599999999
23.0,2021,9.0,64052.512,0.0,63051.11,57116.885999999984,24849.554,4126.14,2753.8475,1821.9924999999998,1826.6274999999998,871.5899999999999,23472.814,40178.392
23.0,2021,10.0,571.935,0.0,368.2759090909091,484.977,370.835,416.0453846153847,325.3299999999999,363.1161538461538,443.505,268.21941176470585,469.33600000000007,544.64
24.0,2016,6.0,0.0,108100.93,71537.38,71537.38,34973.83,7948.6,6358.88,2415.625,4026.0400000000004,0.0,26571.88,31671.53
24.0,2016,7.0,0.0,0.0,0.0,0.0,0.0,0.0,0.0,3.785,4.405,3.535,4.29,3.2800000000000002
24.0,2017,6.0,0.0,41468.23500000001,35759.305,23246.370000000003,2415.625,1044.5533333333333,2466.635,4933.2699999999995,2466.635,14799.82,39466.185,64954.765
24.0,2017,7.0,0.0,4.29,4.035,3.535,3.785,3.2800000000000002,2.0949999999999998,12.045,4.1899999999999995,3.925,3.925,3.67
24.0,2018,8.0,26105.338571428572,27254.645714285707,25913.34285714286,19260.27,13091.207142857145,15349.32142857143,12597.275714285715,14192.935714285715,14035.654285714287,17429.057142857142,23637.92142857143,46934.59999999999
24.0,2019,8.0,19127.34857142857,28318.297142857144,17149.268571428573,20141.752857142856,16818.91,14699.74,13988.335714285715,14978.78,14674.955714285714,19316.824285714287,25407.964285714286,32550.437142857143
24.0,2020,1.0,122309.41,128002.93,125617.09,111541.68,99575.91,73004.37,73275.96,103780.07,81674.36,81075.4,31112.449999999997,638224.355
24.0,2020,2.0,58678.535,58678.535,35017.83500000001,51495.15,11357.135,0.0,0.0,0.0,0.0,25745.774999999998,6902.676666666665,190297.13499999998
24.0,2020,3.0,477.12,545.2799999999999,395.32750000000004,436.2225,136.32,817.915,478.07,365.5875,562.4399999999999,351.52500000000003,215.17700000000005,2355.967777777778
25.0,2017,5.0,0.0,0.0,0.0,0.0,0.0,4812.31,6476.26,1559.18,2293.77,4050.41,6888.72,6348.41
25.0,2017,6.0,0.0,0.0,0.0,0.0,0.0,0.0,0.0,0.0,0.0,0.0,139460.88,233079.25
25.0,2018,8.0,3412.16,123475.395,97118.06,81275.84,35317.96,4343.06,3546.12,2734.75,2609.21,7600.525,55382.385,151729.86666666667
25.0,2019,8.0,2192.39,167151.83500000002,137300.09,108745.44,63270.345,16755.23,5119.43,1870.62,2118.4,17362.195,74958.015,196167.91666666666
25.0,2020,1.0,1397.02,1390.165,1241.375,3343.23,3010.23,3251.73,2395.645,1113.5900000000001,2048.625,3076.44,1505.65,10706.6775
25.0,2020,2.0,0.0,169280.965,139069.68,110022.155,63378.534999999996,15710.8,0.0,0.0,0.0,17340.065,72292.955,388277.88499999995
25.0,2021,5.0,1350.385,1805.84,1567.835,1397.435,1356.4899999999998,1890.2199999999998,1923.19,586.54,930.055,2061.35,0.0,0.0
25.0,2021,9.0,0.0,169280.965,139069.68,110022.155,63378.534999999996,15710.8,0.0,0.0,0.0,17703.3,0.0,0.0
26.0,2016,6.0,0.0,37243.97,31033.45,24937.6,14312.85,3840.97,0.0,0.0,0.0,2732.62,16529.52,31864.714999999997
26.0,2017,6.0,0.0,37243.97,31033.45,23742.32,0.0,5159.5,0.0,0.0,0.0,2701.63,16349.57,31513.074999999997
26.0,2018,8.0,0.0,22380.99,18644.34,14978.27,5445.54,0.0,0.0,0.0,0.0,1643.17,13286.43,21660.45
26.0,2020,1.0,0.0,212.59,0.0,134.34,0.0,0.0,0.0,93.36,0.0,0.0,0.0,440.29
26.0,2020,2.0,0.0,0.0,0.0,37667.66,7924.86,2129.28,0.0,0.0,0.0,0.0,0.0,47721.8
27.0,2018,8.0,100241.07,51986.619999999995,42825.5825,35693.5775,22171.61,-852.9033333333336,663.1033333333334,463.9066666666667,516.1466666666666,7970.242499999999,27396.2525,49640.87625
27.0,2019,8.0,0.0,58037.395000000004,48018.412500000006,40047.39000000001,24839.46,9040.0725,471.7666666666667,528.06,528.06,8636.8975,29344.960000000003,31545.151666666658
27.0,2020,2.0,235501.64,242831.41,200654.35,167098.61,103077.56,40348.05,0.0,0.0,0.0,28980.33,121310.63,765564.53
27.0,2020,3.0,665.53,525.7566666666667,525.7566666666667,525.7566666666667,525.6966666666666,525.6966666666666,525.6966666666666,594.35,594.35,594.35,594.35,3471.151666666667
28.0,2016,5.0,0.0,276550.53,218490.61666666667,321292.04,0.0,299140.20499999996,203509.79,213482.065,196521.615,444888.47,452493.5,563741.0
28.0,2016,6.0,6595.13,107168.35333333333,156258.44333333333,107949.19666666666,0.0,100958.465,0.0,0.0,0.0,21754.47,101545.095,188791.01499999998
28.0,2016,7.0,0.0,2619.1099999999997,3022.588333333333,2728.8675000000003,0.0,2837.65875,2371.6075,2354.015,1615.36625,2581.94,2911.7625000000003,3015.2000000000003
28.0,2017,5.0,320720.83,414312.11,450483.71,395032.64,394190.58,388381.69,0.0,427047.23,73138.87,-209699.18333333332,252998.45,290505.455
28.0,2017,6.0,5062.17,185197.745,176159.875,150268.88499999998,111451.395,58645.48666666667,58811.29,0.0,0.0,21181.89,225229.2,426967.80999999994
28.0,2017,7.0,2812.9666666666667,1950.98,3026.146666666666,2939.395,2878.14,2994.6975,4625.12,3617.3366666666666,296.1666666666667,2637.9519999999998,3167.3133333333335,3839.63
28.0,2018,8.0,2343.955,148752.48166666666,120754.302,108799.15666666663,41449.69615384615,54307.86875000001,24189.69,96804.96333333333,276709.82,50809.52571428572,59765.61875,197833.17
28.0,2019,8.0,225088.87,64798.37333333333,182857.43666666668,143142.046,74929.05285714286,94929.19499999999,50196.52375000001,120138.96600000001,112800.41333333333,84630.135,63393.48222222223,79011.825
28.0,2020,1.0,277608.04000000004,301454.44,0.0,249960.04,0.0,248232.03999999998,260911.98,-582.27,0.0,274795.7866666667,-267.61,817727.774
28.0,2020,2.0,623753.99,372003.78,511726.3,437592.23,208652.77,198503.85,36833.53,0.0,0.0,92802.04,154834.57,1685588.1700000002
28.0,2020,3.0,2836.65,3106.6433333333334,3377.563333333333,6726.97,1335.116,1747.9799999999998,1848.4366666666665,787.6560000000001,301.33333333333337,1296.042857142857,1019.8520000000001,8435.604000000001
28.0,2021,5.0,157698.285,294383.44,264428.53,134730.27000000002,0.0,284661.71,300379.55000000005,305877.17,-610.34,212780.71,-9143.4,366771.48
28.0,2021,9.0,508502.615,448610.71,441575.62,391445.83,291183.6,225624.06,88087.54,0.0,0.0,118459.86,235693.23,286897.57
29.0,2016,5.0,0.0,1356.38,2718.39,225.12,0.0,106.94,0.0,2636.18,3185.39,2511.69,4159.31,6810.13
29.0,2016,6.0,0.0,12885.97,15209.98,10503.05,8140.61,7541.29,0.0,0.0,0.0,1044.26,4889.07,10450.94
29.0,2017,5.0,4320.41,6151.1,4225.21,3331.84,0.0,0.0,0.0,1061.32,-309.965,-1726.1433333333334,259.6,3292.2
29.0,2017,6.0,14285.77,11897.66,11065.53,9718.24,8634.97,6224.2,3500.34,0.0,0.0,0.0,8619.14,9487.03
29.0,2018,8.0,14896.89,7675.183333333333,8209.335,6492.125,5208.97,3521.235,36.45,178.34,297.25,2599.535,585.96,8033.33
29.0,2019,8.0,6600.825,12850.14,7351.5199999999995,7172.045,5198.595,0.0,2064.755,0.0,0.0,4357.67,9145.56,14482.85
29.0,2020,2.0,26879.29,15802.79,16460.84,17465.05,5572.63,0.0,4257.635,0.0,0.0,3620.41,4364.04,57378.07
29.0,2021,9.0,6395.15,0.0,0.0,0.0,0.0,0.0,0.0,0.0,0.0,0.0,0.0,0.0
30.0,2016,7.0,0.0,0.0,953.0,775.96,87.27499999999998,294.0785714285715,0.0,651.405,784.655,660.64,596.87,690.76
30.0,2017,7.0,0.0,521.01,708.895,624.465,685.48,720.885,623.04,545.97,613.615,312.54499999999996,645.77,883.1925
30.0,2018,8.0,26620.8,26770.142,33964.135,26427.915,21059.8175,15039.275,12797.509999999998,9535.973333333333,10119.033333333333,20434.68,17156.965,36400.5
30.0,2019,8.0,32920.8,33759.317500000005,27455.3525,25114.644999999997,20899.345,16767.765,5868.145,5894.135,4080.43,32134.085,26753.485,63181.333999999995
30.0,2020,1.0,8658.3,10032.0,8458.8,8555.7,8196.6,6116.1,5460.6,5490.5,0.0,0.0,0.0,60968.6
30.0,2020,2.0,0.0,199363.49,161421.78,0.0,161421.78,73717.64,0.0,0.0,0.0,0.0,0.0,669642.33
30.0,2020,3.0,140.77,115.065,119.96000000000001,0.0,0.0,684.655,671.925,0.0,0.0,0.0,0.0,1885.315
31.0,2018,8.0,0.0,29358.4,29978.63888888889,26196.388,18908.568000000003,13674.413999999999,6969.360000000001,8294.043333333333,6969.55,5967.144,19914.73,32136.018
31.0,2019,8.0,0.0,45828.0425,26767.546666666673,25266.72333333333,17804.391666666666,13350.151666666667,7614.303333333334,8912.1,8794.486666666666,9011.196666666667,18615.866666666665,30130.186666666672
31.0,2020,1.0,0.0,29070.0,33174.0,25536.0,24054.0,22002.0,25992.0,39241.44,37922.4,38581.92,39571.2,160887.68000000002
31.0,2020,2.0,0.0,183408.3,153484.12,146211.55,99179.06,66679.43,0.0,0.0,0.0,31763.76,51489.6,373617.66
31.0,2020,3.0,0.0,319.78499999999997,405.12999999999994,348.445,332.45250000000004,276.29,124.655,379.815,408.625,584.8725000000001,585.8325,1990.274545454546
31.0,2021,5.0,0.0,34862.4,32400.0,30844.8,29419.2,29289.6,31752.0,35820.72,35820.72,39443.04,32466.72,36491.520000000004
31.0,2021,9.0,222.7,210468.36,176129.15,167783.6,113811.94,76517.32,0.0,0.0,0.0,33351.97,107784.35,186575.97
31.0,2021,10.0,0.0,481.22249999999997,374.4875,371.53249999999997,379.7125,672.7950000000001,413.22,625.765,794.955,272.0725,573.8025,646.2325
32.0,2016,6.0,31200.0,57600.0,80400.0,57600.0,53400.0,0.0,0.0,0.0,21600.0,39000.0,63000.0,74400.0
32.0,2017,6.0,83400.0,93680.0,79220.0,48620.0,42500.0,26180.0,0.0,0.0,18080.0,15300.0,80240.0,109480.0
32.0,2018,8.0,33889.37333333333,19727.156666666666,64976.90666666667,131117.045,48158.335,74059.02,35474.195,17719.45,9884.675000000001,26279.100000000002,56869.613333333335,118871.455
32.0,2019,8.0,81048.53499999999,126726.28333333334,70530.61666666667,72855.14666666667,54235.579999999994,36297.51,19903.002500000002,3556.8,1487.345,22892.960000000003,63195.01333333333,50199.9275
32.0,2020,1.0,5221.2,5928.0,4936.2,4993.2,5101.5,3830.4,3060.9,4554.0,4752.72,5324.04,5456.52,27346.070000000003
32.0,2020,2.0,269811.32,232908.0,262392.0,188916.0,156000.0,125112.0,58344.0,0.0,0.0,64488.67,103276.48,793378.485
32.0,2020,3.0,0.0,8.84,21.05,35.15,11.58,8.0,25.47,0.0,1.29,4.08,0.0,62.46
33.0,2016,5.0,0.0,405104.5,0.0,0.0,0.0,0.0,0.0,359699.78,406634.89,417876.73,292120.84,320009.955
33.0,2016,6.0,0.0,182771.89,0.0,0.0,0.0,82501.49,31447.39,296857.28,0.0,0.0,235430.7,206621.165
33.0,2016,7.0,0.0,2290.665,0.0,2249.76,0.0,1963.425,1799.81,2040.625,2173.4,2048.05,2227.565,2620.665
33.0,2017,5.0,0.0,377540.21,311764.75,324597.01,307658.8,318711.96,345800.99,403414.37,-60196.13999999999,282077.58,209742.64,271709.16
33.0,2017,6.0,0.0,204274.55,191201.85,203969.4,108493.59,126460.91,52577.61,0.0,0.0,0.0,81086.53,120462.31
33.0,2017,7.0,2620.665,0.0,0.0,0.0,2358.595,2227.56,2096.53,2421.495,2743.3900000000003,11094.14,2271.24,2162.0475
33.0,2018,8.0,387977.85,124264.75,129854.185,105565.88750000001,87800.03571428571,1616.0749999999998,70216.04999999999,107632.95,83636.61,89051.31333333334,69757.3025,65225.82857142858
33.0,2019,8.0,48140.51,96771.3425,76881.945,71316.1925,72432.4575,70792.9525,71882.1925,88248.31666666665,105486.60333333333,254596.2,48521.291666666664,112698.67166666668
33.0,2020,1.0,0.0,207367.58,222733.2,215482.8,229162.8,200206.8,230114.7,421087.03,400287.42,466462.01,383378.97,1862031.7950000002
33.0,2020,2.0,0.0,91709.2,98838.98,93274.12,135491.07,78647.86,79147.0,0.0,0.0,0.0,25914.09,191461.05
33.0,2020,3.0,898.385,754.645,988.225,988.225,754.645,808.5450000000001,808.5450000000001,706.48,652.135,742.7049999999999,525.33,5002.2975
33.0,2021,5.0,301293.23,236582.04,216937.44,240654.24,278730.72,257754.96,290459.81,246190.0,366028.73,273719.93,242507.24,228722.67
33.0,2021,9.0,106016.57,124202.86,119766.46,92263.08,92554.53,77828.22,41151.07,0.0,0.0,2097.52,23578.19,55155.65
33.0,2021,10.0,867.24,978.2,905.74,923.86,1017.6,821.22,1624.585,2252.705,1426.025,950.685,764.685,785.35
34.0,2016,7.0,0.0,14889.305,13130.41,95177.3,0.0,10287.5325,70713.11333333334,7119.465,13526.98,29525.515999999996,11050.46,78603.32666666668
34.0,2017,7.0,8280.855,0.0,0.0,0.0,10487.23,10570.0,9565.415,10114.89,8952.675,9409.93,9465.395,8974.455
34.0,2020,1.0,0.0,348612.0,319963.8,365598.0,305713.8,265506.0,271639.2,338831.61,360101.05,320894.65,387876.49,2153570.5
34.0,2020,3.0,42574.887500000004,11444.400000000001,15918.119999999999,14045.400000000001,8375.220000000001,6398.46,8479.26,57646.15333333334,6886.155000000001,5550.355,10683.775000000001,140818.625
35.0,2016,6.0,87488.04,87628.9,87512.27,87628.9,87569.83,27429.0,2741.39,2621.06,2621.06,3544.11,85151.49,90781.1
35.0,2016,7.0,544.44,815.5766666666667,829.9666666666666,810.43,811.5733333333333,790.5966666666667,789.1833333333333,748.54,307.30428571428575,788.18,780.1633333333333,723.7833333333333
35.0,2017,6.0,90842.53,90110.08,89927.37,90110.08,90048.65,7579.66,1827.18,1966.05,1966.05,2926.93,81955.84,93740.65
35.0,2017,7.0,557.3,351.5133333333333,443.82666666666665,366.75333333333333,417.20666666666665,372.10666666666674,358.99333333333334,143.85999999999999,339.51666666666665,392.38000000000005,384.27333333333337,347.85666666666674
35.0,2020,1.0,84122.59,64023.99,77497.2,47984.32,61435.27,48723.78,46078.12,60503.8,59228.35,45351.09,65540.34,393545.35500000004
35.0,2020,2.0,101590.7,101590.7,101453.96,101590.7,101521.45,0.0,6907.1449999999995,2214.4,2214.4,2842.33,92308.5,416152.685
35.0,2020,3.0,524.61,499.86000000000007,532.5933333333334,507.30333333333334,425.0166666666667,506.06499999999994,469.71000000000004,516.5266666666668,432.5466666666666,735.1933333333333,518.8666666666667,3372.266666666666
35.0,2021,5.0,86429.045,71496.53,69820.7,61131.06,51555.47,49110.53,48905.09,57434.01,59884.87,58187.85,27604.865,58722.92
35.0,2021,9.0,107661.28,105654.0,105439.76,105654.0,105581.97,35437.79,2142.37,2298.54,2298.54,3571.46,95815.98,109593.8
35.0,2021,10.0,613.2116666666666,767.61,534.3633333333333,509.72333333333336,558.7466666666667,448.44,668.4866666666667,459.09666666666664,462.6166666666666,661.2966666666667,268.49,442.42333333333335
36.0,2018,8.0,73048.26,78625.785,72747.2625,64257.865,47424.06,26921.642499999998,19562.693333333336,6492.49625,20091.49,19081.483333333334,20406.733333333334,23252.466666666664
36.0,2019,8.0,3141.0,23180.876666666667,124817.22571428571,58685.832500000004,116280.36399999999,14060.772500000001,19494.69,18767.02,18700.016666666666,17019.463333333337,35417.455,106014.058
36.0,2020,1.0,75869.34,76918.02,68809.99,63719.97,59465.64,51992.45,43780.77,44529.2,44034.86,59246.38,53882.63,400154.745
36.0,2020,2.0,0.0,307875.25,141891.6,57744.92,215165.36,0.0,29804.210000000003,0.0,0.0,82503.63500000001,166686.07,823065.925
36.0,2020,3.0,410.45,434.04999999999995,458.16999999999996,458.16999999999996,530.51,482.28,482.28,1344.6,622.5,498.0,348.6,2476.226666666667
36.0,2021,5.0,66440.76000000001,74085.91,70972.89,63829.68,68148.09,53680.83,44216.11,41444.11,45410.0,52254.34,49504.92,67401.65
36.0,2021,9.0,238841.11,275498.41,224522.33,209696.29,182971.03,94830.46,0.0,0.0,0.0,0.0,73047.95,171952.14
36.0,2021,10.0,722.1,647.4,60.175000000000004,228.25,332.0,352.75,311.25,211.25,316.875,211.25,211.25,0.0
37.0,2016,5.0,380138.57,367537.90499999997,359503.81,362288.555,258877.135,221000.95,261488.53999999998,302695.795,277422.245,202496.905,250695.03,218650.70333333334
37.0,2016,6.0,106954.19499999999,569850.585,487910.44,351239.54000000004,195644.755,57644.799999999996,52191.57,23604.535,40720.99,32946.015,231556.945,440125.25
37.0,2016,7.0,4782.385,0.0,0.0,0.0,0.0,1850.36,2747.02,522.06,3110.65,1568.55,0.0,0.0
37.0,2017,5.0,336517.77,332937.08999999997,316826.03,321207.435,264536.02,237290.755,515395.26,665973.06,299550.17000000004,393676.86,320439.85,660536.62
37.0,2017,6.0,746553.0366666666,548851.34,447155.965,351263.47500000003,233585.75,49479.659999999996,106957.97,103533.17,98025.28,79379.8,464216.9,828412.95
37.0,2017,7.0,0.0,0.0,0.0,0.0,0.0,1438.19,2637.24,2148.83,1780.54,2208.87,0.0,0.0
37.0,2018,8.0,729246.01,224973.36333333337,216856.08333333334,247686.35,187464.7166666667,60490.9775,49531.38181818181,68547.62999999999,40012.14928571428,37674.2009090909,71674.45714285715,105861.57727272726
37.0,2019,8.0,8557.957142857143,96108.02,90724.20999999999,93261.49428571427,72857.53285714285,46945.22444444444,49572.915555555555,61516.92222222223,61344.39857142857,39393.666666666664,45844.33666666667,58356.41599999999
37.0,2020,1.0,277575.37,262925.505,256727.61,289687.73000000004,426096.23,409097.19,362801.6,282751.70499999996,443540.08,183570.19,195131.27500000002,1525162.9275
37.0,2020,2.0,75398.11,80109.49,69789.85,51071.64,34464.07,0.0,9525.185,4163.11,0.0,5818.94,29879.69,244577.20500000002
37.0,2020,3.0,3186.1375,1804.2175,2360.2324999999996,2539.8250000000003,4543.885,3474.9,2111.4283333333337,2226.723333333334,4110.743333333333,1610.4933333333338,2963.5275,13372.629
37.0,2021,5.0,252657.79750000002,260564.35499999998,134912.265,186628.71333333335,235645.48,201846.955,219973.38,271535.97,445448.52,186182.605,206213.205,157571.41
37.0,2021,9.0,665998.7350000001,650093.4,523876.32499999995,369295.92000000004,240147.84,95396.485,33075.63,60136.835,57065.725,47855.270000000004,263871.115,423257.36
37.0,2021,10.0,2421.9775,2288.2274999999995,2550.85,1550.8975,4047.3875,1747.5716666666667,2515.5483333333327,4180.156666666667,6907.935,1977.7366666666667,8158.0199999999995,1308.3100000000002
38.0,2018,8.0,241722.5,89725.72333333334,80911.84666666666,104587.67333333332,89917.28666666668,43346.305,49984.126000000004,82718.81999999999,55550.198,80032.09666666666,86223.47333333333,99438.38
38.0,2019,8.0,5194.22,70487.48333333332,88541.59999999999,77323.95,79614.35666666667,77509.80666666666,68913.21666666666,85877.04666666666,55119.08,47794.026,83829.37666666666,91961.89
38.0,2020,1.0,178451.94,238824.59,242288.69,215733.41,222728.21,220800.42,163865.56,241252.55,249818.79,254043.18,213125.21,774068.4999999999
38.0,2020,3.0,7495.8,7249.924999999999,7400.705,7305.85,6446.795,6233.76,6794.8,2422.06,6166.299999999999,6886.975,6951.885,31532.494
38.0,2021,10.0,5438.014999999999,0.0,0.0,0.0,0.0,0.0,0.0,0.0,0.0,0.0,0.0,0.0
39.0,2018,8.0,164684.06,75675.25,84033.15333333334,67156.03333333333,71456.40333333334,45329.848000000005,46628.32,42746.972,47334.304,45174.30400000001,78597.25,85829.82666666666
39.0,2019,8.0,3681.3233333333337,56406.18,77230.93,65114.916666666664,59346.14000000001,61663.035,47263.71,61227.14,53102.33200000001,102618.925,107558.725,148026.1
39.0,2020,1.0,106645.23,220925.58,198882.2,170905.49,190494.73,188463.07,184906.71,204552.81,248611.6,93650.99,174574.99,654700.4774999999
39.0,2020,3.0,4502.69,2897.13,6674.01,4122.46,4269.43,0.0,660.92,2173.34,2269.07,837.46,3713.94,9368.43
39.0,2021,5.0,32205.81,0.0,0.0,0.0,0.0,0.0,0.0,0.0,0.0,0.0,0.0,0.0
39.0,2021,10.0,5119.695,0.0,0.0,0.0,0.0,0.0,0.0,0.0,0.0,0.0,0.0,0.0
40.0,2016,6.0,0.0,0.0,47986.965,33767.15,17796.61,0.0,0.0,0.0,0.0,-8606.01,15940.97,33016.37
40.0,2017,6.0,41166.97,59652.35,8033.649999999999,27293.21,12072.67,1276.89,0.0,0.0,0.0,0.0,18144.66,31175.47
40.0,2018,8.0,21849.355,25434.655,20228.905,13293.07,9705.279999999999,1791.925,1889.1,1863.35,1736.07,1790.52,6393.475,9995.236666666668
40.0,2019,8.0,41168.24,27772.480000000003,19667.08,2478.0,11327.59,1423.5,1102.09,1052.84,1777.81,1737.84,265.2,17141.533333333333
40.0,2020,1.0,1336.73,5393.33,2844.03,243.90499999999997,1379.04,1037.02,1709.26,1146.21,1508.69,2666.98,2855.26,15038.965
40.0,2020,2.0,66042.94,90132.09,0.0,23151.855000000003,19730.385,0.0,0.0,0.0,0.0,0.0,21016.17,188932.08
40.0,2021,5.0,1299.615,3814.49,1022.39,241.64,2110.6,1608.11,1693.46,2451.29,958.0,1242.05,1546.61,1983.8
40.0,2021,9.0,78424.81,99983.79,86540.01,6540.203333333335,42511.96,13920.21,0.0,0.0,0.0,0.0,13118.81,53927.79
41.0,2018,8.0,0.0,65205.32750000001,54814.0125,44848.5625,21420.2825,3525.1949999999997,2826.9375,5161.0775,5258.765,4398.807500000001,22058.605,64206.895
41.0,2019,8.0,16149.323333333334,39850.74166666666,50945.0875,39416.41,24135.48,2901.1575000000003,2737.705,3246.12,2357.49,3900.23,38840.79,87051.055
41.0,2020,2.0,194583.58,169995.86,159534.58,140825.42,73946.89,0.0,0.0,0.0,0.0,0.0,82106.62,593837.015
41.0,2020,3.0,5562.05,3578.75,8244.23,5092.36,5273.92,0.0,816.41,2718.9,2838.67,1037.005,4646.23,11621.835
42.0,2018,8.0,0.0,320385.86,275265.055,218307.595,122378.935,10120.7925,9797.16,14248.83,9443.199999999999,13658.315,84323.04999999999,232057.63
42.0,2019,8.0,22932.515,295189.355,239927.005,189017.09,125028.665,13696.16,14942.995,14177.06,10190.72,8257.873333333333,109121.34000000001,226471.91999999998
42.0,2020,2.0,598938.84,584214.83,489918.02,361868.54,247114.23,0.0,0.0,13319.33,25707.11,21684.51,27081.61,690537.2600000001
42.0,2020,3.0,4435.43,3779.61,4673.71,4307.95,1326.18,1540.08,2438.46,1668.05,3292.2,3544.6,3323.81,19625.41
43.0,2018,8.0,19054.64,35987.94,29434.555,29693.98,24119.995,23401.28,19326.805,26928.74,28971.62,16400.445,17394.98,27410.496666666662
43.0,2019,8.0,6696.68,25646.05,19352.23,17428.78,0.0,0.0,0.0,0.0,0.0,0.0,0.0,0.0
43.0,2020,2.0,0.0,0.0,0.0,0.0,0.0,0.0,0.0,0.0,0.0,1774.005,0.0,3548.01
44.0,2016,5.0,354436.99500000005,0.0,330440.07499999995,0.0,298246.95499999996,189052.96333333338,256225.06399999995,0.0,365711.73000000004,358426.96,342097.13,304892.74199999997
44.0,2017,5.0,0.0,431750.07,356384.03250000003,0.0,357310.165,312093.265,729774.32,-135.66,-235599.24714285717,149378.005,-83.38,338880.865
44.0,2018,8.0,155359.1,122595.925,125725.33250000002,100074.4025,92373.5475,38660.92142857143,60681.76333333333,185150.815,105268.72,78072.938,110653.69,67377.36846153847
44.0,2019,8.0,145501.77,179366.25,156589.7325,108847.54,129788.9275,77585.715,87808.5175,102007.8775,82805.94200000001,99340.225,48156.852222222224,45029.52666666667
44.0,2020,1.0,433434.88,405565.04,460678.04,334699.84,301056.4,329391.94,289498.91,394175.84,108084.78333333333,175369.11000000002,180198.41,2383212.825
44.0,2020,3.0,0.0,5806.66,10107.885,10824.765,6608.780000000001,8061.265,13580.689999999999,10178.81,10704.305,5369.44,12220.955,58857.920000000006
44.0,2020,4.0,167874.48,135648.17,115899.5,103919.5,51548.37,21168.33,2888.52,2478.56,2670.42,17864.52,64370.12,441154.81500000006
44.0,2021,5.0,236640.95750000002,458912.69,419676.88,401313.46,368233.81,171592.42500000002,334654.02,383638.3,423448.35,414024.7,415929.69,205685.685
44.0,2021,10.0,2817.3475,10597.01,9664.48,9972.415,0.0,4332.53,15750.07,11265.66,9339.36,12141.27,8668.42,5593.326666666668
45.0,2016,6.0,0.0,142427.17,99261.61,0.0,55229.95,40802.82,0.0,0.0,8260.97,59921.86,98374.34,126892.04
45.0,2016,7.0,0.0,265.39,146.555,0.0,169.09,161.9475,261.145,245.08,320.85,329.28999999999996,251.615,178.7
45.0,2017,6.0,0.0,145748.21,98744.405,55748.69,36340.27,0.0,0.0,0.0,-18602.83,20568.21,68178.12,125621.64
45.0,2017,7.0,0.0,330.11,381.91600000000005,140.965,149.29500000000002,1024.14,199.35500000000002,165.055,68.72857142857143,168.875,96.21000000000001,202.358
45.0,2018,8.0,43425.1,48457.93333333334,32518.701999999997,31185.589999999997,24754.072500000002,12111.782,6769.163333333334,8850.773333333333,6853.424999999999,12262.925,20422.920000000002,28700.553999999996
45.0,2019,8.0,46511.112499999996,52190.715000000004,36140.444,32532.215,29725.07,13971.576000000001,9698.866666666667,9482.036666666667,7632.887500000001,22395.769999999997,36823.64750000001,52259.134
45.0,2020,1.0,57374.19,52634.5,54725.02,42755.4,34332.68,28547.6,25778.11,28024.44,32291.15,32001.73,35827.46,267493.27999999997
45.0,2020,2.0,273233.6,220320.14,241297.52,152972.97,126209.98,76219.65,0.0,0.0,0.0,17068.01,85428.49,752647.56
45.0,2020,3.0,351.65999999999997,394.08000000000004,1039.4566666666667,376.49,363.5,909.5100000000001,533.235,374.20000000000005,951.37,346.6,329.535,4086.654
46.0,2016,5.0,883.98,0.0,0.0,1205.2649999999999,667.68,345.825,667.68,386.955,343.04499999999996,163.43,1425.51,7.99
46.0,2016,6.0,21650.08,22790.83,0.0,19348.45,9728.96,2374.38,0.0,0.0,0.0,0.0,3147.88,3233.8300000000004
46.0,2017,6.0,9969.95,10817.6,9583.81,5913.82,4765.37,87.01,0.0,0.0,0.0,1619.09,4985.3,10296.75
46.0,2018,8.0,12754.78,11878.19,0.0,0.0,0.0,0.0,0.0,0.0,0.0,0.0,0.0,0.0
46.0,2019,8.0,0.0,0.0,0.0,0.0,0.0,0.0,0.0,0.0,143.22,1448.9299999999998,6740.995,11059.92
46.0,2020,1.0,18.93,99.64,0.0,0.0,0.0,0.0,0.0,0.0,0.0,0.0,0.0,118.57
46.0,2020,2.0,5366.11,0.0,0.0,0.0,0.0,0.0,0.0,0.0,0.0,0.0,0.0,5366.11
46.0,2021,5.0,151.18,0.0,0.0,-151.18,0.0,0.0,0.0,0.0,0.0,0.0,0.0,0.0
47.0,2016,7.0,795.705,780.5,780.5,917.37,643.63,523.135,0.0,1349.895,902.895,869.6500000000001,853.03,937.945
47.0,2017,7.0,0.0,657.7925,450.00750000000005,524.8125,400.1375,35.625,500.0957142857142,307.432,321.60799999999995,293.256,286.166,413.7540000000001
47.0,2018,8.0,646.1028571428571,2421.8975,2255.76125,1898.2962499999999,1405.3125,806.9399999999999,919.5100000000001,884.68625,923.5587499999999,706.3544444444443,1097.02,3041.2488888888893
47.0,2019,8.0,687.45125,2452.2200000000003,2131.14875,1997.6825000000001,1608.43875,1035.10125,1135.73,1031.02625,866.44625,967.5699999999999,1042.0649999999998,1740.5010000000002
47.0,2020,1.0,875.3399999999999,1632.81,886.74,908.2750000000001,851.2750000000001,1915.275,2261.075,2227.405,2141.28,2029.98,2450.005,10292.645000000002
47.0,2020,2.0,0.0,16123.975,14521.58,12653.92,9629.88,5154.07,1826.86,2454.08,3680.11,4754.4,6275.81,58663.369999999995
47.0,2020,3.0,402.264,31.10666666666667,386.28,482.1800000000001,362.306,314.356,338.33,477.79857142857145,92.71285714285715,290.668,349.972,2389.5330000000004
47.0,2021,5.0,1131.6299999999999,1091.8799999999999,858.6800000000001,1174.03,950.105,972.63,3916.7,2084.5,4521.0,2345.75,2249.5,984.2250000000001
47.0,2021,9.0,16292.475,17589.27,15116.97,13172.72,12029.65,1328.195,4754.4,4939.82,2230.27,4939.82,4603.48,12534.53
47.0,2021,10.0,577.9571428571428,316.04,366.87,291.71666666666664,460.104,307.614,931.8800000000001,637.82,975.52,1086.37,665.125,294.23625000000004
48.0,2016,5.0,142486.67,0.0,0.0,0.0,0.0,0.0,0.0,0.0,0.0,0.0,0.0,0.0
48.0,2016,6.0,40031.590000000004,97366.62333333334,83357.29,67484.52333333333,49268.19,8025.243333333333,5293.446666666667,4141.616666666667,3721.5766666666664,2580.1133333333332,35024.176666666666,78062.75333333334
48.0,2016,7.0,8577.622,0.0,0.0,0.0,0.0,0.0,0.0,0.0,0.0,0.0,0.0,0.0
48.0,2017,6.0,105510.47200000002,89333.53666666668,62229.263333333336,63720.41333333333,31079.983333333334,3069.986666666666,3099.125,2915.46,2116.9,1789.775,51136.924999999996,93599.625
48.0,2018,8.0,0.0,0.0,0.0,0.0,0.0,0.0,9737.346000000001,9166.504,10139.59,9663.68,15207.680000000002,29597.64833333333
48.0,2019,8.0,1038.0733333333335,14875.083999999999,20354.0075,16472.2975,12908.3325,12797.8875,9941.9875,12888.494999999999,0.0,6589.701428571428,14992.720000000001,24074.1675
48.0,2020,1.0,21843.0,48495.86,43657.07,37515.84,0.0,0.0,0.0,44901.83,0.0,41243.66,43736.09,200475.08500000002
48.0,2020,2.0,39854.47,37316.16,35019.79,30912.9,16232.25,0.0,0.0,0.0,0.0,0.0,18023.4,128924.96500000001
48.0,2020,3.0,1030.73,710.77,1637.37,1011.385,0.0,0.0,0.0,536.95,0.0,496.09999999999997,917.5799999999999,3738.6225000000004
49.0,2016,5.0,269501.07,0.0,0.0,0.0,0.0,0.0,0.0,0.0,0.0,0.0,0.0,0.0
49.0,2016,6.0,172539.93,562520.23,480241.67,369425.68,227523.57,38963.98,20628.19,20660.22,20158.49,16101.47,196303.78,467815.12
49.0,2016,7.0,9572.625,5879.86,5500.14,5879.86,5690.21,5788.21,6690.1,6691.17,6716.59,5314.4,5920.08,5919.33
49.0,2017,6.0,594421.12,562407.39,454621.77,380393.92,243647.68,27903.59,21153.98,21604.04,21404.02,17207.68,275175.99,464917.47
49.0,2017,7.0,6239.049999999999,6116.6,5524.66,6116.6,5919.32,6411.4,6843.01,7080.53,6975.16,5979.84,6270.66,6156.29
49.0,2018,8.0,0.0,0.0,0.0,0.0,0.0,0.0,2328.364,2305.452,2551.3959999999997,2229.8,3560.972,9079.082857142856
49.0,2019,8.0,511.922,6682.012,6212.324,5083.384,4074.1699999999996,2166.014,1971.8799999999999,2383.21,0.0,2202.118,3914.424,6851.388000000001
49.0,2020,1.0,7435.5,12569.72,12752.04,11354.39,0.0,0.0,0.0,12697.5,0.0,13370.69,16041.68,60393.14
49.0,2020,2.0,24955.79,30748.15,25785.16,19045.71,13006.01,0.0,0.0,701.02,0.0,1141.29,1425.35,45818.65333333333
49.0,2020,3.0,269.82,320.6933333333333,341.67333333333335,331.92333333333335,0.0,0.0,0.0,114.25,0.0,303.84,302.62333333333333,1098.024285714286
50.0,2016,5.0,0.0,361369.1,331971.11,276974.04,320861.04,248059.3,280067.57,259103.29,357000.04,281206.36,286463.15,165815.18666666668
50.0,2016,7.0,881.86,1261.27,1199.74,1261.27,3521.9133333333334,1476.61,0.0,2211.8,1495.6,1424.94,3889.645,3804.4199999999996
50.0,2017,5.0,109032.09,367813.25,348550.69,332672.76,318718.64,310065.36,333160.4,374983.75,395046.08,350757.27,329240.03,173362.44499999998
50.0,2017,7.0,0.0,3988.135,4946.085,4663.45,5405.370000000001,7065.84,3792.0,5738.695,4749.264999999999,4630.53,5976.155,3572.5033333333336
50.0,2018,8.0,103672.3825,97646.818,84827.25,85561.128,67546.575,55238.56666666666,67954.61799999999,61473.16799999999,92476.8075,69146.464,76585.30799999999,85034.90499999998
50.0,2019,8.0,87208.95999999999,112444.13,103029.56000000001,73128.29666666666,76165.68,58036.71666666667,75427.464,64412.978,114381.25799999999,76674.482,84551.772,62269.55875
50.0,2020,1.0,352857.47,329098.15,348439.84,334632.85,289494.81,293577.73,240249.43,391970.38,445679.09,165336.63999999998,328231.66,2191124.165
50.0,2020,2.0,0.0,174637.87,169226.94,129691.24,90237.26,51211.59,12913.23,19868.09,18880.03,21978.69,25327.38,543732.355
50.0,2020,3.0,5929.906666666666,0.0,5791.2325,5290.950000000001,2811.7625,3404.16,4425.106666666667,2596.035,2160.36,1907.82,2169.2066666666665,26252.358000000007
50.0,2021,5.0,349112.27,320098.49,159928.74000000002,305680.63,291476.97,275392.4,275569.23,332928.79,346304.74,324196.24,314330.82,310667.61
50.0,2021,9.0,165611.89,214283.92,196529.57,137702.03,91668.08,43081.71,21879.11,21603.4,15686.5,21240.99,26229.59,81109.89
50.0,2021,10.0,2987.238,1812.72,2947.726666666667,2330.6433333333334,3888.645,625.5766666666667,4066.56,3912.59,3352.1000000000004,3697.96,3852.5099999999998,3963.995
51.0,2016,5.0,0.0,0.0,40086.49,42955.32,29279.99,33585.36,29940.77,30912.15,0.0,44852.28,32513.644999999997,36510.24
51.0,2016,6.0,0.0,0.0,38491.1,41666.47,23954.64,14169.47,0.0,0.0,0.0,0.0,0.0,27909.88
51.0,2016,7.0,0.0,0.0,663.9649999999999,1058.755,753.69,951.085,1058.755,2265.56,0.0,941.355,1068.83,1137.47
51.0,2017,5.0,44195.2,0.0,35190.34,29247.45,39834.28,31835.03,37829.4,46760.1,0.0,48494.78,0.0,39303.165
51.0,2017,6.0,36340.88,0.0,32959.05,24439.86,16909.18,3133.68,0.0,0.0,0.0,0.0,0.0,21490.65
51.0,2017,7.0,1176.695,0.0,1294.365,1039.415,1255.145,902.13,1117.8600000000001,941.94,0.0,1066.3875,0.0,1014.115
52.0,2016,5.0,0.0,40120.06,45638.65,46952.86,44165.97,46225.17,45094.86,46290.81,44200.5,39303.8,42111.89,43506.04
52.0,2017,5.0,47260.21,42539.76,41042.55,45552.98,41641.76,48098.02,43297.67,47600.1,58564.74,47664.58,56086.84,21691.77
52.0,2017,6.0,0.0,0.0,0.0,0.0,0.0,0.0,0.0,0.0,0.0,0.0,10305.92,29101.67
52.0,2017,7.0,0.0,0.0,0.0,0.0,0.0,0.0,0.0,0.0,0.0,0.0,0.0,750.9000000000001
52.0,2018,8.0,34631.625,33355.45,21500.246666666666,28890.095,20589.505,11335.21,0.0,0.0,0.0,0.0,0.0,0.0
53.0,2016,5.0,0.0,58396.3,47012.77,50149.6,49656.83,44577.0,41901.51,43677.5,47371.37,46146.64,51139.55,50276.96
53.0,2017,5.0,50769.15,52688.9,47756.55,52417.61,53069.72,53792.93,52324.7,60978.62,62085.16,56563.94,59155.93,53645.44
54.0,2016,5.0,2738.01,0.0,2374.8500000000004,0.0,2111.27,1901.57,2313.74,1805.15,1800.75,1821.7,2061.64,2651.26
54.0,2016,7.0,0.0,80.31,80.31,80.31,80.31,40.155,80.31,503.46000000000004,41.955,125.86500000000001,83.91,83.91
54.0,2017,5.0,2745.18,2716.27,2656.83,2702.28,2686.25,7365.32,2123.32,1083.76,1104.04,1082.4,2392.7,3251.99
54.0,2017,7.0,125.86500000000001,0.0,102.8125,82.25,82.25,1028.125,82.25,82.9,82.9,0.0,0.0,96.71666666666665
54.0,2018,8.0,60155.06,46681.34,22182.375,29648.2575,17147.73,4515.105,0.0,0.0,0.0,0.0,0.0,0.0
55.0,2016,6.0,0.0,169342.17,172162.33,122906.38,85794.74,9958.72,-143658.69,0.0,0.0,0.0,20605.15,71338.55
55.0,2017,6.0,89147.77,0.0,110201.95999999999,92113.14,59917.6,16416.33,0.0,0.0,0.0,0.0,24833.33,90186.73
56.0,2016,6.0,0.0,114877.71,102583.55,73500.58,49000.38,13616.11,0.0,0.0,0.0,0.0,0.0,72169.42
56.0,2017,6.0,0.0,130808.51,94574.74,79576.71,49493.49,7476.08,0.0,0.0,0.0,0.0,0.0,87603.865
57.0,2016,5.0,0.0,623.79,0.0,0.0,0.0,0.0,0.0,0.0,0.0,0.0,0.0,0.0
57.0,2018,8.0,0.0,0.0,0.0,0.0,0.0,0.0,0.0,0.0,0.0,749.13,2324.34,0.0
58.0,2016,5.0,0.0,85.06,0.0,0.0,0.0,0.0,0.0,0.0,0.0,0.0,0.0,0.0
58.0,2016,6.0,0.0,0.0,62526.16499999999,43298.37,25672.33,3705.87,0.0,0.0,0.0,0.0,9260.25,34087.27
58.0,2017,5.0,0.0,0.0,0.0,0.0,0.0,0.0,0.0,0.0,0.0,0.0,1143.05,0.0
58.0,2017,6.0,55689.93,64390.63,54194.72,47929.49,24331.67,6145.99,0.0,0.0,0.0,0.0,19767.15,37913.5
58.0,2018,8.0,57021.89,70912.46,64315.5,55865.54,20857.16,3274.78,0.0,167.52,0.0,0.0,0.0,0.0
59.0,2016,5.0,226.83,167.86,110.43,115.91,101.16,90.73,69.52,48.39,48.28,49.51,54.07,56.92
59.0,2017,5.0,58.16,57.88,58.8,0.0,0.0,0.0,0.0,0.0,0.0,0.0,0.0,0.0
60.0,2016,6.0,0.0,0.0,0.0,10983.724999999999,0.0,3341.9500000000003,13564.63,0.0,0.0,0.0,1259.89,9633.97
60.0,2017,6.0,0.0,16973.68,19923.88,10794.94,0.0,4109.22,0.0,0.0,0.0,0.0,0.0,859.92
61.0,2016,5.0,34879.29,46472.08,36379.33,27182.65,23052.02,22398.47,19748.61,21715.46,18987.23,24477.32,21519.72,33089.44
61.0,2016,6.0,0.0,71378.41,55004.3,45148.04,27343.17,6835.8,0.0,0.0,0.0,0.0,14493.75,28987.5025
61.0,2016,7.0,0.0,169.37,193.57,193.57,96.785,120.97999999999999,193.57,100.91,41.04,55.50249999999999,75.685,56.76125
61.0,2017,5.0,36714.19,36514.56,13977.71,14046.89,13637.11,4222.23,3720.08,3426.04,0.0,0.0,354.26,1271.41
61.0,2017,6.0,0.0,32007.0325,22867.92,13849.585,6924.79,0.0,0.0,0.0,0.0,16444.245,24913.03,34286.25
61.0,2017,7.0,0.0,12.614999999999998,0.0,0.0,12.614999999999998,25.229999999999997,0.0,0.0,0.0,0.0,0.0,0.0
61.0,2018,8.0,36917.325,2421.94,0.0,0.0,0.0,0.0,0.0,0.0,0.0,0.0,0.0,0.0
62.0,2016,5.0,1407.5049999999999,1862.855,1758.745,1282.78,1311.8799999999999,1449.76,1354.99,1456.27,1817.8500000000001,1828.855,1489.56,1778.7749999999999
62.0,2016,6.0,0.0,89184.08249999999,143117.5,60024.325,32315.805,4650.455,0.0,0.0,0.0,0.0,18144.205,73835.6375
62.0,2016,7.0,0.0,0.0,0.0,0.0,0.0,0.0,8.51,0.0,0.0,0.0,34.51,7.74
62.0,2017,5.0,1621.635,1969.2849999999999,1823.58,1712.08,1648.2150000000001,2088.635,1522.65,1890.26,1503.745,1678.675,1673.875,2078.215
62.0,2017,6.0,0.0,91845.655,71737.175,60173.994999999995,32396.39,4662.05,0.0,0.0,0.0,0.0,19679.079999999998,53981.12666666667
62.0,2017,7.0,0.0,107.625,110.57000000000001,38.33,0.0,7.744999999999999,0.0,16.1,31.81,0.0,0.0,92.2275
62.0,2018,8.0,2116.04,34323.53166666667,40318.7975,22642.428333333333,12434.793333333335,3404.2625000000003,1119.57,594.39,772.3975,2016.69,19305.2625,19683.68125
63.0,2016,5.0,5895.375,3609.83,2466.06,2284.51,2066.08,0.0,0.0,0.0,0.0,0.0,0.0,0.0
63.0,2016,6.0,0.0,122077.82,87513.56,79180.24,41254.52,0.0,0.0,0.0,0.0,0.0,0.0,0.0
63.0,2016,7.0,0.0,5.67,5.67,5.67,5.67,292.25,-292.25,0.0,0.0,0.0,0.0,0.0
64.0,2016,6.0,0.0,17030.49,11862.88,9807.15,5620.25,1037.29,0.0,0.0,0.0,0.0,5865.43,10033.47
64.0,2017,6.0,13673.42,14559.85,10835.015,5620.25,0.0,2640.38,0.0,0.0,0.0,0.0,15375.06,31502.75
64.0,2018,8.0,44380.64,0.0,0.0,0.0,0.0,0.0,0.0,0.0,0.0,0.0,0.0,0.0
65.0,2016,7.0,0.0,0.0,157.64,0.0,157.64,0.0,0.0,0.0,0.0,0.0,0.0,0.0
66.0,2016,5.0,0.0,25561.8,0.0,0.0,0.0,0.0,0.0,14381.1,14381.1,14381.1,22853.03,26382.995000000003
66.0,2016,7.0,0.0,981.71,0.0,940.8050000000001,0.0,1411.2125,777.19,1397.69,1354.01,742.5250000000001,829.875,1310.33
66.0,2017,5.0,0.0,24265.02,22853.03,25677.0,14381.1,21441.04,11557.12,12969.11,-3842.2874999999995,9614.64,5838.64,8198.64
66.0,2017,7.0,524.135,0.0,0.0,0.0,1146.54125,1048.265,960.9100000000001,1135.62,1048.265,1135.62,1135.62,808.0400000000001
66.0,2018,8.0,260288.0,8134.343333333333,121591.246,4556.536666666667,40253.244,41380.1,22105.7275,0.0,0.0,0.0,0.0,0.0
67.0,2016,6.0,0.0,0.0,63134.990000000005,69731.18,52842.02,44578.66,36750.22,0.0,0.0,20591.12,22381.25,57968.350000000006
67.0,2017,6.0,0.0,29226.09,0.0,0.0,0.0,0.0,0.0,0.0,0.0,-989.59,0.0,0.0
68.0,2016,6.0,35700.0,137700.0,137700.0,137700.0,11449.5,21420.0,0.0,0.0,0.0,0.0,0.0,0.0
68.0,2017,6.0,0.0,0.0,0.0,137807.7225,42852.33,0.0,0.0,0.0,0.0,0.0,0.0,0.0
69.0,2016,5.0,28398.48,23959.83,25827.73,25162.89,20413.98,19704.81,19489.53,22259.99,23311.93,23961.43,23806.12,26764.23
69.0,2017,5.0,28910.46,0.0,0.0,26663.043333333335,21306.89,18151.1,22789.48,22090.56,-9947.489999999998,14778.32,13371.76,16170.720000000001
69.0,2018,8.0,0.0,6285.389999999999,6516.636666666666,5254.863333333334,5641.886666666666,5284.740000000001,4984.2266666666665,5883.396666666667,5907.510000000001,5722.7300000000005,5594.343333333333,6932.29
69.0,2019,8.0,11050.07,9632.03,0.0,0.0,0.0,0.0,0.0,0.0,0.0,0.0,0.0,0.0
70.0,2016,7.0,622.57,0.0,0.0,0.0,0.0,0.0,0.0,0.0,0.0,0.0,0.0,0.0
71.0,2016,6.0,0.0,56075.8,91767.5,62480.0,16879.9,6601.85,0.0,0.0,0.0,34272.205,107822.16,50206.675
71.0,2017,6.0,138759.84,57618.01666666666,32670.373333333333,52255.0,59891.32000000001,32468.4,0.0,0.0,26499.43,29560.063333333335,48519.0,100024.72
71.0,2018,8.0,19564.91,18099.326666666664,10634.9,49001.005000000005,23497.7825,27570.39,11802.29,12693.56,19890.643333333333,26307.475,39083.82,86187.1275
71.0,2019,8.0,34623.87,23034.47,56642.9625,30086.653333333335,13903.29,8764.615,3410.09,6925.5,3145.87,961.0166666666665,0.0,0.0
72.0,2016,6.0,0.0,88470.0,94870.44,86974.44,28123.5,22563.0,0.0,0.0,34732.31,34499.69,78211.0,80560.0
72.0,2017,5.0,0.0,0.0,0.0,0.0,0.0,0.0,0.0,0.0,0.0,0.0,22887.28,9383.36
72.0,2017,6.0,89371.25,90630.0,80157.2,59715.1,45315.0,32727.5,0.0,0.0,0.0,0.0,123960.81,167906.835
72.0,2017,7.0,0.0,0.0,0.0,0.0,0.0,0.0,0.0,0.0,0.0,0.0,0.0,604.64
72.0,2018,8.0,4399.04,109276.37,97604.7,96748.68,74788.3,59063.015,20617.745,2392.45,3020.61,3189.94,59815.04,45967.1325
72.0,2019,8.0,701.9,713.79,73699.94333333334,713.79,61203.25666666666,31687.145,17055.055,425.28,0.0,0.0,0.0,0.0
72.0,2021,9.0,78994.31,0.0,0.0,0.0,0.0,0.0,0.0,0.0,0.0,0.0,0.0,74823.98
73.0,2016,5.0,0.0,1176.28,168.86,84.42,0.0,56.29,433.68,51.25,29.29,109.84,161.11,116.93
73.0,2017,5.0,87.87,197.71,87.87,36.61,0.0,0.0,0.0,0.0,-31.23,-114.51,0.0,0.0
74.0,2016,5.0,0.0,221.92,239.75,228.05,0.0,130.795,226.42,238.01,325.92,190.83,175.62,175.62
74.0,2017,5.0,175.62,175.62,175.62,175.62,0.0,0.0,0.0,0.0,0.0,0.0,0.0,0.0
75.0,2016,5.0,0.0,0.0,0.0,0.0,0.0,210.03,109.0,0.0,0.0,0.0,0.0,0.0
76.0,2016,5.0,0.0,0.0,39.4,11.26,0.0,16.88,11.26,0.0,0.0,0.0,76.88499999999999,0.0
77.0,2016,6.0,0.0,29691.01,17267.52,11300.89,0.0,4828.395,0.0,0.0,0.0,775.19,6761.44,12953.34
77.0,2016,7.0,0.0,0.0,42.94,0.0,0.0,26.324999999999996,0.0,0.0,0.0,0.0,49.705,346.08
78.0,2016,6.0,0.0,13348.54,25179.1,20214.05,0.0,9594.7,0.0,0.0,0.0,0.0,0.0,7215.6
78.0,2016,7.0,0.0,105.31,0.0,0.0,0.0,0.0,0.0,0.0,0.0,0.0,0.0,0.0
78.0,2017,6.0,0.0,0.0,0.0,31306.61,4290.02,0.0,0.0,0.0,0.0,0.0,0.0,0.0
79.0,2016,6.0,0.0,18504.06,9919.39,9919.4,0.0,9919.384999999998,9919.39,10209.1,10209.1,10209.1,10209.1,10209.1
79.0,2016,7.0,0.0,122.36,122.84,122.38,0.0,122.75,115.59,73.49,67.18,65.0,75.01,75.84
79.0,2017,6.0,9156.25,10209.1,10209.1,10209.1,-1646.63,0.0,0.0,0.0,0.0,0.0,0.0,0.0
79.0,2017,7.0,76.1,126.17,65.93,132.22,-20.64,0.0,0.0,0.0,-0.47,0.0,0.0,0.0
79.0,2019,8.0,0.0,6089.415,65.71000000000001,8023.803333333333,3966.8000000000006,5572.84,3963.1666666666665,4038.3300000000004,0.0,-5960.7775,0.0,0.0
80.0,2016,6.0,0.0,147837.26,142052.65,101340.64,75968.88,41371.0,2937.8633333333332,0.0,0.0,23111.78,58711.61,111586.705
80.0,2016,7.0,0.0,432.28999999999996,467.51666666666665,367.71000000000004,498.52333333333337,501.3033333333333,581.6033333333334,880.1166666666667,1068.0149999999999,813.1866666666666,316.1933333333333,239.57333333333338
80.0,2017,6.0,0.0,127607.88,135168.46,85637.43,80806.02,53108.48,26443.6,0.0,0.0,118.23999999999978,59939.03,144822.6
80.0,2017,7.0,0.0,283.92333333333335,273.87666666666667,265.07666666666665,341.69666666666666,392.7033333333333,471.34666666666664,759.83,854.145,156.44833333333335,621.4900000000001,920.79
80.0,2018,8.0,10939.875,73653.715,39815.91249999999,14101.213333333333,19541.234,14112.178,10146.145,9805.913333333332,30505.47,32009.35,4918.26,21920.30999999999
80.0,2019,8.0,24696.19,39957.352,35126.270000000004,27329.275999999994,20652.71,14659.605000000001,3603.7825,6395.118333333332,907.52,2366.78,0.0,0.0
81.0,2016,7.0,0.0,253.325,463.715,0.0,420.78749999999997,360.645,317.72,276.25,288.72,384.96,240.6,336.84
81.0,2017,7.0,0.0,288.72,336.84,336.84,336.84,336.84,404.21,0.0,0.0,0.0,0.0,508.4916666666666
81.0,2018,8.0,0.0,23187.447500000002,18180.272500000003,19289.572500000002,15217.287499999999,11743.9675,9466.804999999998,10622.866666666667,9777.953333333333,7158.137500000001,17622.967500000002,26849.445714285717
81.0,2019,8.0,0.0,19048.885000000002,22226.864999999998,18027.7125,15210.599999999999,5426.09,167.58,8927.3725,0.0,0.0,1669.82,5420.313333333333
82.0,2016,5.0,0.0,247052.4,587483.82,439717.16,354549.59,607130.52,185927.775,521167.84,469989.57,486931.96,184617.64333333334,527297.415
82.0,2016,6.0,0.0,292736.51,286155.34,299725.76,178043.46,126767.89,33845.31,0.0,0.0,0.0,0.0,214113.18
82.0,2017,5.0,0.0,382181.39,426204.85,451693.63,408047.81,573817.24,205850.25,534743.55,-272933.98666666663,70521.0,169208.5,248064.7666666667
82.0,2017,6.0,0.0,325167.77,285056.09,226004.85,189174.51,127118.26,66415.88,0.0,0.0,-5589.649999999999,96077.18,181025.83333333334
82.0,2018,8.0,0.0,253205.375,316802.89,296124.655,243432.84499999997,183879.095,228730.47,287810.5,109507.00666666667,340328.28,128342.73,360303.73250000004
82.0,2019,8.0,0.0,257070.065,268590.2,313498.64666666667,206928.92,219289.65,178557.29499999998,388497.6,146438.70666666667,93836.3925,239684.65,234835.43000000002
83.0,2016,5.0,0.0,7025.78,68482.83,59460.25,29883.36,73659.72,45789.07,70027.17,62321.91,66174.53,50022.99,63381.295
83.0,2016,6.0,0.0,56861.11,59923.56,60864.1,11364.015,21966.29,7138.74,0.0,0.0,0.0,8078.33,46641.05
83.0,2016,7.0,0.0,512.145,808.65,539.1,321.64250000000004,485.19000000000005,431.28000000000003,563.61,479.20000000000005,569.05,149.75,748.71
83.0,2017,5.0,0.0,49893.26,45606.99,72054.53,49664.27,81145.87,0.0,0.0,-101559.8,0.0,73287.44,19031.04
83.0,2017,6.0,0.0,55180.16,61141.4,47752.43,32867.49,27260.85,0.0,0.0,0.0,-1233.656,385.93,1518.19
83.0,2017,7.0,0.0,266.405,224.715,199.745,124.845,1048.69,0.0,0.0,0.0,0.0,-26.758000000000003,0.0
83.0,2018,8.0,0.0,3534.695,4620.155,7290.995,8252.93,9552.55,8178.7,15777.07,18091.38,18901.9,8601.685000000001,8590.7875
83.0,2019,8.0,0.0,8917.11,7962.349999999999,11938.376666666669,1167.55,9450.025,9626.710000000001,19375.92,24908.4,20091.96,10303.185000000001,10368.177500000002
84.0,2016,6.0,0.0,120000.0,122400.0,0.0,52800.0,0.0,0.0,0.0,0.0,0.0,0.0,0.0
85.0,2016,6.0,0.0,61606.51,53646.12,22496.76,30111.05,21458.45,0.0,0.0,0.0,0.0,0.0,0.0
86.0,2016,6.0,0.0,97047.97,79801.49,73078.29,49400.92,34785.27,10099.42,0.0,0.0,0.0,0.0,0.0
87.0,2016,6.0,0.0,0.0,0.0,0.0,68346.74,27612.59,4554.33,0.0,0.0,0.0,21719.02,0.0
87.0,2016,7.0,0.0,0.0,0.0,0.0,5665.525,167.62,167.62,801.175,174.17000000000002,313.505,0.0,0.0
88.0,2016,7.0,0.0,4262.185,5046.639999999999,3713.0699999999997,3816.205,0.0,0.0,0.0,0.0,3273.7920000000004,481.86400000000003,3573.06
88.0,2017,7.0,0.0,3297.49,2227.16,2549.81,2391.68,4415.29,0.0,2400.07,3345.86,2538.24,490.5869230769231,2027.1533333333334
88.0,2018,8.0,0.0,2538.24,2376.715,2838.215,2584.39,2699.76,3115.1099999999997,4107.09,1403.3450000000003,3889.21,6233.455,1660.3125
88.0,2019,8.0,0.0,3643.505,4502.545,3199.175,4384.055,2843.71,3939.725,6431.995,3338.338333333333,1432.3266666666668,5791.799999999999,2399.3425
89.0,2016,5.0,0.0,66288.27,63189.0,65696.5,61905.16,52236.24,63439.75,64248.37,57092.72,59390.8,60164.09,69770.31
89.0,2017,5.0,0.0,74203.11,69955.46,68049.47,65631.58,57343.22,59913.59,63508.91,-76884.31333333334,24685.6,30255.2,31834.04
89.0,2018,8.0,0.0,25049.04,0.0,24846.08,23399.4,27470.4,24454.32,30193.08,25686.81,27985.82,42371.25,26295.97
89.0,2019,8.0,0.0,25023.17,33105.02,22726.66,35147.52,28372.03,22451.9,34033.32,32497.2,34437.24,29779.92,38546.82
90.0,2016,6.0,0.0,55494.52,90543.69,65647.65,0.0,59152.425,12807.240000000002,5356.05,4590.9,5356.05,33164.94,73599.44
90.0,2016,7.0,0.0,270.62,338.28,270.62,0.0,947.175,541.245,1011.37,311.19,311.19,311.19,311.19
90.0,2017,6.0,0.0,103133.59,89458.16,90817.7,65378.2,18211.943333333333,19102.385,2754.54,5356.05,0.0,26946.53,160561.79499999998
90.0,2017,7.0,0.0,1089.16,622.38,1011.37,1400.355,544.585,311.19,894.615,1163.0,1163.0,1699.77,1341.925
90.0,2018,8.0,0.0,22744.873333333337,24850.96666666667,18073.60666666667,11040.676666666666,2379.67,7541.382857142858,1550.5974999999999,3118.6433333333334,4219.446,8432.15,28955.15166666667
90.0,2019,8.0,0.0,31764.646666666667,18085.13,20972.36333333333,26099.486666666668,12151.939999999997,5320.202857142858,2457.6475,3984.618,3915.293333333333,15782.203333333331,46899.27166666667
91.0,2016,5.0,48568.22,55610.13,47043.71,51776.48,41453.4,30215.87,25626.5,26524.62,2076.8233333333333,6588.34,2991.2699999999995,11930.82
91.0,2016,6.0,22227.85,83065.47,70960.98,56710.3,44522.49,3020.07,3165.47,3057.38,2773.85,2323.36,27809.43,69067.54
91.0,2016,7.0,3969.245,0.0,0.0,0.0,0.0,0.0,0.0,0.0,0.0,0.0,0.0,0.0
91.0,2017,5.0,37790.11,87477.93,-37506.06333333333,0.0,0.0,0.0,0.0,0.0,0.0,0.0,0.0,0.0
91.0,2017,6.0,77590.73,78036.49,-35155.433333333334,0.0,0.0,0.0,0.0,0.0,0.0,0.0,0.0,0.0
91.0,2021,5.0,0.0,35619.81,38264.85,38671.28,28110.05,23525.89,22723.71,19190.05,22561.76,22276.14,18106.38,0.0
91.0,2021,9.0,0.0,87375.52,67170.73,52220.3,44009.06,21028.49,-518.0450000000003,3719.08,0.0,0.0,0.0,0.0
91.0,2021,10.0,0.0,77.84,198.07,573.83,660.7433333333333,2206.33,-554.28,0.0,40.425,0.0,0.0,0.0
92.0,2016,5.0,155.56,146.92,167.19,54.02,89.7,352.12,444.25,131.5,40.63,102.26,505.02,139.11
92.0,2016,6.0,6556.29,31148.76,27768.26,20216.57,13852.33,1373.72,0.0,0.0,0.0,0.0,7924.62,24892.23
92.0,2017,5.0,103.98,548.18,614.84,94.22,138.43,289.68,413.06,493.22,731.53,0.0,0.0,0.0
92.0,2017,6.0,30630.53,30090.25,23509.23,19029.49,14754.49,768.68,0.0,0.0,0.0,0.0,0.0,0.0
93.0,2016,5.0,2755.51,2072.92,5676.67,1644.32,3199.23,0.0,2071.93,987.23,3520.12,668.98,0.0,730.7599999999993
93.0,2017,5.0,2067.54,2237.56,3472.24,2015.13,2538.32,1494.77,2398.08,431.19,-271.065,0.0,0.0,0.0
94.0,2016,5.0,0.0,24.91,127.7,239.8,160.94,593.19,581.59,1455.97,416.34,447.62,532.1,843.19
94.0,2016,6.0,14295.93,66910.99,60696.66,45559.98,33838.69,3747.07,371.06,105.54,70.87,385.91,19336.63,54568.21
94.0,2016,7.0,93.47,0.0,0.0,0.0,0.0,0.0,0.0,0.0,0.0,0.0,0.0,0.0
94.0,2017,5.0,608.78,751.18,1264.11,604.54,1237.43,3213.76,2418.23,4511.93,873.55,0.0,0.0,0.0
94.0,2017,6.0,66270.06,65065.07,51381.66,43075.86,36233.38,2118.6,406.39,62.32,39.35,0.0,0.0,0.0
95.0,2016,5.0,0.0,1116.19,898.64,1424.1,570.59,787.84,1472.16,677.53,1325.58,1175.63,643.84,820.7
95.0,2017,5.0,482.43,442.18,434.03,487.87,343.73,501.82,392.96,580.54,837.15,713.59,671.27,497.64
95.0,2018,8.0,574.62,483.03,450.31,566.32,533.7,528.46,546.66,3266.65,580.82,799.38,759.43,208.18
95.0,2019,8.0,367.43,386.69,436.42,336.39,356.51,746.77,546.35,496.44,2162.03,0.0,1300.39,1035.86
96.0,2016,5.0,1006.06,0.0,0.0,0.0,0.0,0.0,0.0,0.0,0.0,0.0,0.0,0.0
97.0,2016,5.0,18899.97,0.0,-8504.99,0.0,0.0,0.0,0.0,0.0,0.0,0.0,0.0,0.0
97.0,2016,6.0,0.0,40158.63,-40158.63,0.0,0.0,583.16,0.0,-582.53,-0.63,0.0,0.0,0.0
97.0,2016,7.0,0.0,376.565,-376.565,0.0,0.0,46.629999999999995,46.629999999999995,-46.58,-0.1,0.0,0.0,0.0
97.0,2017,5.0,0.0,13642.93,-13642.93,0.0,0.0,0.0,0.0,0.0,0.0,0.0,0.0,0.0
97.0,2017,6.0,0.0,41940.32,-41940.32,0.0,0.0,0.0,0.0,0.0,0.0,0.0,0.0,0.0
97.0,2017,7.0,0.0,1312.23,-1312.23,0.0,0.0,0.0,0.0,0.0,0.0,0.0,0.0,0.0
97.0,2018,8.0,0.0,0.0,0.0,0.0,0.0,0.0,0.0,0.0,0.0,0.0,0.0,25.18
98.0,2016,6.0,24850.56,71674.95,59746.6,47303.33,34497.12,0.0,0.0,0.0,0.0,0.0,30582.92,35515.51
98.0,2017,6.0,94824.54,94495.33,74399.46,62599.94,49847.46,2159.54,0.0,0.0,0.0,0.0,0.0,0.0
99.0,2016,5.0,6689.82,4529.34,6744.66,4112.6,4628.04,3882.29,4277.1,1416.2,1934.63,3957.78,3654.31,4292.86
99.0,2017,5.0,1623.68,7940.83,4804.96,3211.74,3679.59,2516.28,2516.28,575.84,-2097.451428571429,1047.84,1316.88,1614.24
99.0,2018,8.0,0.0,26668.41,31547.595,33232.47,29382.005,24692.675000000003,11642.539999999999,114.98,0.0,0.0,0.0,0.0
100.0,2016,5.0,109.67,109.67,109.67,109.67,109.67,109.67,54.83,50.57,25.29,37.94,37.94,0.0
101.0,2016,5.0,60.79,121.59,121.59,69.135,86.62,86.62,56.22,39.99,41.5,69.17,69.17,334.25
101.0,2017,5.0,117.905,138.36,96.84,39.410000000000004,186.54999999999998,171.04000000000002,295.56,397.27,-111.52749999999999,57.43,66.87,137.67000000000002
101.0,2018,8.0,28.16,83.02499999999999,28.16,124.325,80.13333333333334,50.24,90.09,37.059999999999995,33.41,37.059999999999995,60.78666666666667,66.1225
101.0,2019,8.0,28.215,61.25,37.436,46.97333333333333,39.550000000000004,32.126666666666665,26.55666666666667,26.92,28.820000000000004,25.02,28.5,0.0
102.0,2016,5.0,51.65,0.0,0.0,0.0,0.0,0.0,0.0,0.0,0.0,0.0,0.0,0.0
102.0,2016,6.0,4182.6,4118.52,4259.51,4503.02,3917.72,2247.24,824.56,0.0,0.0,2320.69,1212.97,3222.9
102.0,2016,7.0,285.65000000000003,0.0,0.0,13.680000000000001,13.680000000000001,13.680000000000001,13.680000000000001,40.370000000000005,0.0,0.0,0.0,21.014999999999997
102.0,2017,6.0,27753.030000000002,4340.64,5448.36,4205.31,3974.75,2466.05,1207.97,0.0,0.0,1137.79,2170.32,3288.07
102.0,2017,7.0,133.67000000000002,395.49,0.0,9.929999999999998,9.79,9.79,134.1275,10.045,10.045,39.4225,10.045,10.045
102.0,2018,8.0,17.27,1732.6000000000001,1173.7875000000001,1408.47,1853.16,1499.79,509.59999999999997,18.3,18.3,446.495,750.36,1262.2175
102.0,2019,8.0,1935.055,2535.5666666666666,1211.096,2100.235,2446.8,1669.9199999999998,913.255,19.15,19.15,523.705,0.0,0.0
103.0,2016,5.0,36.47,0.0,0.0,0.0,0.0,0.0,0.0,0.0,0.0,0.0,0.0,0.0
104.0,2016,6.0,63315.78,59034.92,60709.67,59496.33,51105.49,30636.8,15209.46,0.0,0.0,4626.34,27076.37,48684.33
104.0,2016,7.0,0.0,104.62,0.0,0.0,0.0,42.89,209.24,0.0,120.53,241.05,0.0,120.53
104.0,2017,6.0,56861.875,67229.79,78632.75,60287.78,56929.55,40754.9,27662.81,0.0,0.0,19131.89,33101.14,49386.06
104.0,2017,7.0,120.53,0.0,0.0,0.0,0.0,120.53,0.0,135.75,-11.01,124.74,124.74,0.0
105.0,2016,6.0,71766.43,62260.52,38080.479999999996,72578.17,60320.88,36408.71,16768.85,0.0,0.0,14114.59,27276.86,56212.79
105.0,2017,6.0,66680.95,87263.9,95323.66,76552.64,69605.62,50203.05,36359.13,0.0,0.0,20284.72,40769.93,60322.86
106.0,2016,6.0,0.0,62078.543333333335,20091.036,27836.895,34713.0,34756.6525,14009.7975,26661.055,19724.576666666668,32274.17,0.0,0.0
107.0,2016,5.0,0.0,47201.63,52388.98,44394.09,49910.45,48111.88,56293.2,48277.25,52171.8,63754.29,49440.56,53853.54
107.0,2017,5.0,49921.06,53878.82,53524.78,60656.35,55990.48,51716.59,60049.41,19762.64,-26820.758571428574,23279.04,22802.32,21197.52
107.0,2018,8.0,20569.76,22769.28,21891.36,20088.32,23812.4,21966.88,25530.48,24906.68,28843.35,27370.52,23050.59,25552.76
107.0,2019,8.0,19207.0,25874.5,22227.46,21921.22,25161.79,24649.54,25367.81,28026.9,25644.3,25746.9,21357.9,25752.6
108.0,2016,7.0,0.0,2499.5499999999997,1082.235,936.43,1073.81,1082.88,412.15,782.3,920.45,1004.6500000000001,741.9449999999999,877.51
108.0,2017,7.0,1088.13,918.59,1624.7266666666667,1669.0349999999999,1322.3,1002.895,1294.9850000000001,301.6625,1386.51,1282.055,953.77,1124.49
108.0,2018,8.0,44844.81,45926.06333333333,47218.52,42756.42333333333,39029.38333333334,33380.76,28102.176666666666,1263.59,10051.47,22276.069999999996,25507.959999999995,33645.08
108.0,2019,8.0,40045.82,53742.63333333333,58233.755,52973.28,48303.445,40764.195,39778.98,9553.965,25221.565000000002,23820.50333333333,19463.846666666668,25949.346666666665
109.0,2016,5.0,82936.12,0.0,82041.23999999999,0.0,68074.73,113026.43,67846.55,0.0,69309.67,62498.37,36363.87,42253.5
109.0,2016,6.0,0.0,58810.56,0.0,46155.68,15308.09,14889.43,0.0,0.0,0.0,0.0,10495.43,22417.77
109.0,2017,5.0,0.0,20028.86,41884.119999999995,0.0,45434.32,39236.86,35830.31,0.0,-19521.5325,17981.6,0.0,7967.425
109.0,2017,6.0,30241.73,30948.75,24386.31,14247.56,7818.69,4606.81,0.0,0.0,0.0,3852.16,12437.83,27452.05
109.0,2018,8.0,162.54,0.0,0.0,0.0,0.0,0.0,0.0,0.0,0.0,0.0,0.0,0.0
109.0,2021,10.0,0.0,1484.4250000000002,-1484.4250000000002,0.0,0.0,1803.57,0.0,0.0,-2232.99,-1374.15,0.0,0.0
110.0,2016,6.0,50691.18,0.0,0.0,0.0,0.0,0.0,0.0,0.0,0.0,0.0,0.0,0.0
111.0,2016,5.0,53486.28,0.0,0.0,0.0,0.0,0.0,0.0,0.0,0.0,0.0,0.0,0.0
112.0,2016,7.0,0.0,466.34666666666664,456.4533333333334,358.84999999999997,485.07333333333327,550.59,620.0733333333334,608.8066666666666,682.4233333333333,631.8033333333333,0.0,0.0
113.0,2016,5.0,0.0,54869.93,63941.56,33007.909999999996,17588.695,29333.57,36305.9,19731.484999999997,0.0,30865.49666666667,0.0,58015.04666666667
113.0,2016,6.0,0.0,122072.21,111373.4,82760.29,47410.67,20383.73,0.0,0.0,0.0,64999.09,174448.83,417684.22
113.0,2016,7.0,0.0,824.31,690.85,891.03,1162.665,824.44,1003.375,1273.6599999999999,3680.7799999999997,1240.9699999999998,790.625,510.5625
113.0,2017,5.0,79267.34,81836.19,65689.14,0.0,51909.095,33982.21,41212.96,0.0,-58410.84,31625.769999999997,0.0,64133.76
113.0,2017,6.0,0.0,380481.76,263481.55,231624.57,140681.57,93943.45,0.0,0.0,-65348.55,0.0,75907.09,104113.12
113.0,2017,7.0,0.0,703.835,2808.5550000000003,510.735,496.595,921.135,2194.215,817.02,1990.605,6175.48,990.61,801.5625
113.0,2018,8.0,0.0,53912.284999999996,41364.96,34911.96,24749.950000000004,11467.264,8950.11,10235.736666666666,287.0,19778.8725,36609.244999999995,51106.651999999995
113.0,2019,8.0,0.0,68896.7775,54999.2,51911.11444444445,22229.27,20455.498,8782.96,0.0,0.0,0.0,0.0,0.0
114.0,2017,5.0,0.0,0.0,0.0,0.0,0.0,170.68,0.0,0.0,0.0,0.0,0.0,0.0
115.0,2017,5.0,0.0,0.0,0.0,0.0,0.0,0.0,0.0,0.0,0.0,0.0,0.0,17058.08
115.0,2017,6.0,0.0,0.0,0.0,0.0,0.0,0.0,0.0,0.0,0.0,0.0,0.0,16996.97
115.0,2018,8.0,3854.193333333333,8379.526666666667,0.0,0.0,0.0,0.0,0.0,0.0,0.0,0.0,0.0,0.0
116.0,2017,6.0,0.0,0.0,0.0,0.0,0.0,0.0,0.0,0.0,0.0,0.0,1108.78,2515.19
116.0,2017,7.0,0.0,0.0,0.0,0.0,0.0,0.0,0.0,0.0,0.0,0.0,65.15,147.44
116.0,2018,8.0,0.0,1707.6825000000003,3431.14,0.0,2641.995,2003.77,999.79,0.0,12.27,876.12,2249.0,2726.46
116.0,2019,8.0,0.0,0.0,4244.87,0.0,0.0,0.0,0.0,0.0,0.0,0.0,0.0,0.0
117.0,2018,8.0,183337.71,91863.14,46125.625,109377.15,40077.4,184387.2,13008.61,22451.7,60555.9,75027.13,41643.56,49837.41
117.0,2019,8.0,64545.96,78487.91,77308.89,71173.34,71571.83,60089.22,58463.55,53560.3,162193.49,68413.67,77387.73,62037.74
118.0,2018,8.0,7485.22,0.0,19915.335,14494.2,0.0,8903.58,1180.16,0.0,0.0,0.0,0.0,0.0
119.0,2018,8.0,25936.4,59572.176666666666,17690.714,37489.03333333333,29887.333333333332,20150.72333333333,18177.736666666668,14963.985,15268.245,19065.36,21783.246666666666,130703.89199999999
119.0,2019,8.0,28359.85,68566.052,101808.12666666666,117132.90666666666,96121.18333333333,74504.73000000001,23385.71,33428.0025,0.0,0.0,0.0,0.0
120.0,2018,8.0,57938.76,21871.829999999994,20263.4475,8143.783333333334,24904.53,22113.010000000002,10758.522500000001,7458.7733333333335,9475.997500000001,8849.828,7827.0175,26712.850000000002
120.0,2019,8.0,0.0,46234.6325,533.95,0.0,0.0,0.0,0.0,0.0,0.0,0.0,0.0,0.0
121.0,2018,8.0,4602.849999999999,9748.74,8509.85,8018.485,6220.889999999999,1231.455,173.71,245.88,225.6,164.11,189.86,74.95
121.0,2019,8.0,99.54,168.84,8459.119999999999,5937.93,19532.89,73.795,196.88,51.73,0.0,0.0,0.0,0.0
122.0,2018,8.0,23053.517499999998,27832.960000000003,24779.412500000002,30497.524999999998,24223.8175,21777.850000000002,17697.3725,15891.5625,20421.273333333334,14412.279999999999,19847.015,0.0
122.0,2019,8.0,0.0,0.0,0.0,0.0,0.0,34070.520000000004,49648.88,18390.38,166862.11666666667,20896.835000000003,0.0,0.0
123.0,2018,8.0,491.64,737.45,737.45,737.45,860.36,860.36,860.36,988.89,1130.16,3531.74,988.89,1130.16
123.0,2019,8.0,847.62,1005.65,861.98,861.98,1436.64,1149.31,861.98,1321.44,1156.26,1156.26,991.08,1321.44
124.0,2018,8.0,0.0,2097.71,1542.5766666666666,2086.9166666666665,2549.023333333333,2243.18,2267.4633333333336,0.0,2385.523333333333,2116.3433333333332,1932.8400000000001,2097.96
124.0,2019,8.0,0.0,2388.5666666666666,2483.933333333333,1874.3533333333332,2201.9466666666663,887.4333333333334,0.0,0.0,0.0,0.0,0.0,0.0
124.0,2021,9.0,0.0,0.0,75832.07,0.0,0.0,0.0,0.0,0.0,0.0,0.0,0.0,0.0
125.0,2021,5.0,186.77,0.0,173.5,183.25,164.45,170.87,162.035,162.59,146.15,143.74,153.38,158.1
126.0,2021,5.0,229.59,243.11,210.58,224.54,212.99,337.4,455.99,455.35,7621.21,12773.23,12744.23,12482.52
127.0,2021,10.0,1772.17,0.0,0.0,0.0,1365.98,2285.5699999999997,1428.48,1568.81,1220.18,1346.08,1404.18,1442.92
128.0,2021,5.0,3035.3999999999996,2746.8,2381.4,2028.6,2123.1,1770.3,2583.0,1959.6,3732.9,3546.6,2649.6,2366.7
128.0,2021,9.0,81520.99,98832.86,101196.24,91986.97,81708.26,52601.71,25231.39,0.0,0.0,10693.57,50970.52,73482.91
128.0,2021,10.0,260.81,264.745,810.71,575.38,88.245,562.4499999999999,680.1133333333333,299.34000000000003,199.56,199.56,447.1366666666667,165.07
129.0,2021,5.0,113.4,112.99,225.73,228.49,158.35,162.92,172.51,483.92,149.3,159.72,169.05,161.76
130.0,2021,5.0,332884.84,315087.7,301322.98,309569.71,290346.65,295917.72,284526.6,334193.22,332041.52,313412.04,320837.32,137863.065
130.0,2021,9.0,389048.435,500493.92,343909.55,267749.85,209923.86,4046.16,6018.0,5272.93,7311.34,7750.01,186210.8,330033.43
130.0,2021,10.0,2083.21,1666.8600000000001,1795.08,1795.0800000000002,0.0,1589.9299999999998,2923.42,2246.6949999999997,2130.71,1130.1275,2317.4,1005.725
131.0,2021,9.0,20543.345,0.0,0.0,0.0,0.0,0.0,0.0,0.0,0.0,0.0,3884.215,7280.876666666667
132.0,2021,5.0,87810.72,83238.14,81613.1,85691.08,85958.66,89589.32,65937.98,69230.76,70241.77,71432.23,81697.99,92885.1
132.0,2021,9.0,169220.04,127554.81,105461.9,87884.96,54349.87,27601.665,712.94,748.33,-5897.46,25790.07,127876.28,206253.04
132.0,2021,10.0,536.9759999999999,455.78,455.78,455.78,455.78,455.78,455.78,512.495,1917.695,591.1066666666667,591.1066666666667,591.1066666666667
133.0,2021,9.0,0.0,6292.82,6292.82,6292.82,0.0,0.0,0.0,0.0,0.0,0.0,0.0,0.0
134.0,2019,8.0,417.7,55.72,0.0,43.16,0.0,0.0,0.0,0.0,0.0,0.0,0.0,0.0
